"variable","estimated_beta","std_error","ci_lower","ci_upper","true_beta","bias","relative_bias","within_ci","sim_number","x_correlation","y_correlation","method"
"covariate_x_1_prop",0.000387142073164052,0.0989528383077747,-0.19437439355322,0.198224430901015,0.03,-0.029612857926836,-98.7095264227865,TRUE,1,0.2,0.2,"ABRM_Binomial"
"covariate_x_2_prop",0.00271097656392306,0.100046400423167,-0.194098669793932,0.19813642390782,-0.01,0.0127109765639231,-127.109765639231,TRUE,1,0.2,0.2,"ABRM_Binomial"
"covariate_x_3_prop",-0.00175213110279005,0.0999545359945263,-0.196999048580416,0.197077249008387,0.06,-0.06175213110279,-102.92021850465,TRUE,1,0.2,0.2,"ABRM_Binomial"
"covariate_y_1_prop",0.010393345283994,0.094728046111809,-0.176353779429152,0.193739724520148,0.04,-0.029606654716006,-74.016636790015,TRUE,1,0.2,0.2,"ABRM_Binomial"
"covariate_y_2_prop",0.0216022833581023,0.0973202181229659,-0.167959768444627,0.21697986734031,0.01,0.0116022833581023,116.022833581023,TRUE,1,0.2,0.2,"ABRM_Binomial"
"covariate_y_3_prop",0.0211815931635247,0.0980271891499442,-0.172570451855682,0.213023907143169,-0.05,0.0711815931635247,-142.363186327049,TRUE,1,0.2,0.2,"ABRM_Binomial"
"covariate_y_4_prop",-0.0160205096042954,0.0918079517748698,-0.193842143028809,0.163292866530763,0.02,-0.0360205096042954,-180.102548021477,TRUE,1,0.2,0.2,"ABRM_Binomial"
"covariate_x_1_prop",-0.0698177964506284,0.306536686042263,-0.670629701093464,0.530994108192207,0.03,-0.0998177964506284,-332.725988168761,TRUE,1,0.2,0.2,"Dasymetric_Binomial"
"covariate_x_2_prop",1.47224544766908,0.26600808909153,0.950869593049681,1.99362130228848,-0.01,1.48224544766908,-14822.4544766908,FALSE,1,0.2,0.2,"Dasymetric_Binomial"
"covariate_x_3_prop",0.215242161144678,0.30629259217296,-0.385091319514323,0.815575641803679,0.06,0.155242161144678,258.73693524113,TRUE,1,0.2,0.2,"Dasymetric_Binomial"
"covariate_y_1_prop",0.175937199605204,0.234728836916943,-0.284131320752004,0.636005719962412,0.04,0.135937199605204,339.842999013009,TRUE,1,0.2,0.2,"Dasymetric_Binomial"
"covariate_y_2_prop",1.26964423070722,0.237160235237968,0.804810169640803,1.73447829177364,0.01,1.25964423070722,12596.4423070722,FALSE,1,0.2,0.2,"Dasymetric_Binomial"
"covariate_y_3_prop",0.785156753601585,0.292941002395967,0.21099238890549,1.35932111829768,-0.05,0.835156753601585,-1670.31350720317,FALSE,1,0.2,0.2,"Dasymetric_Binomial"
"covariate_y_4_prop",-1.3003451893382,0.42698098659012,-2.13722792305484,-0.463462455621565,0.02,-1.3203451893382,-6601.725946691,FALSE,1,0.2,0.2,"Dasymetric_Binomial"
"covariate_x_1_prop",0.00500014292423897,0.100449260002257,-0.192751480044954,0.202261655968614,0.03,-0.024999857075761,-83.3328569192034,TRUE,2,0.2,0.2,"ABRM_Binomial"
"covariate_x_2_prop",0.00386081989541059,0.0999035737907976,-0.19343680391678,0.197459247566107,-0.01,0.0138608198954106,-138.608198954106,TRUE,2,0.2,0.2,"ABRM_Binomial"
"covariate_x_3_prop",0.00220839368910344,0.0992026470614641,-0.192647242115338,0.195568576018204,0.06,-0.0577916063108966,-96.3193438514943,TRUE,2,0.2,0.2,"ABRM_Binomial"
"covariate_y_1_prop",-0.0330382387601288,0.0976067142843277,-0.220523014306644,0.161359328509465,0.04,-0.0730382387601288,-182.595596900322,TRUE,2,0.2,0.2,"ABRM_Binomial"
"covariate_y_2_prop",-0.0359068237257479,0.09513582613377,-0.219343259132519,0.148809582376705,0.01,-0.0459068237257479,-459.068237257479,TRUE,2,0.2,0.2,"ABRM_Binomial"
"covariate_y_3_prop",-0.0220782104804905,0.0987165625101533,-0.213997419987326,0.17101629855362,-0.05,0.0279217895195095,-55.8435790390191,TRUE,2,0.2,0.2,"ABRM_Binomial"
"covariate_y_4_prop",-0.0284152609451391,0.0971473410269082,-0.218906423417209,0.164400248220831,0.02,-0.0484152609451391,-242.076304725695,TRUE,2,0.2,0.2,"ABRM_Binomial"
"covariate_x_1_prop",-0.00950210369701963,0.241423622914495,-0.482692404609429,0.46368819721539,0.03,-0.0395021036970196,-131.673678990065,TRUE,2,0.2,0.2,"Dasymetric_Binomial"
"covariate_x_2_prop",0.532883930465251,0.213661054501254,0.114108263642793,0.95165959728771,-0.01,0.542883930465251,-5428.83930465251,FALSE,2,0.2,0.2,"Dasymetric_Binomial"
"covariate_x_3_prop",-1.04366192784858,0.326632158961582,-1.68386095941328,-0.403462896283874,0.06,-1.10366192784858,-1839.43654641429,FALSE,2,0.2,0.2,"Dasymetric_Binomial"
"covariate_y_1_prop",-1.2438098732661,0.185997809220951,-1.60836557933916,-0.879254167193037,0.04,-1.2838098732661,-3209.52468316525,FALSE,2,0.2,0.2,"Dasymetric_Binomial"
"covariate_y_2_prop",-0.817324500070563,0.413990299578319,-1.62874548724407,-0.00590351289705737,0.01,-0.827324500070563,-8273.24500070563,FALSE,2,0.2,0.2,"Dasymetric_Binomial"
"covariate_y_3_prop",-0.593244058420319,0.369905713411562,-1.31825925670698,0.131771139866342,-0.05,-0.543244058420319,1086.48811684064,TRUE,2,0.2,0.2,"Dasymetric_Binomial"
"covariate_y_4_prop",-0.433909022859454,0.246248854014712,-0.916556776728289,0.0487387310093819,0.02,-0.453909022859454,-2269.54511429727,TRUE,2,0.2,0.2,"Dasymetric_Binomial"
"covariate_x_1_prop",-0.000343436373907063,0.0995847710717072,-0.196516954065805,0.193671220141369,0.03,-0.0303434363739071,-101.144787913024,TRUE,3,0.2,0.2,"ABRM_Binomial"
"covariate_x_2_prop",0.00308380192770648,0.0993464494668245,-0.192465469757656,0.196648731714646,-0.01,0.0130838019277065,-130.838019277065,TRUE,3,0.2,0.2,"ABRM_Binomial"
"covariate_x_3_prop",0.00143990037065235,0.100285373929485,-0.192786242756892,0.195474550640411,0.06,-0.0585600996293476,-97.6001660489128,TRUE,3,0.2,0.2,"ABRM_Binomial"
"covariate_y_1_prop",0.0537258834566651,0.091370988238021,-0.125762563740858,0.231791779287855,0.04,0.0137258834566651,34.3147086416626,TRUE,3,0.2,0.2,"ABRM_Binomial"
"covariate_y_2_prop",0.0310686590923886,0.0981176148092632,-0.161996084641574,0.227428354272553,0.01,0.0210686590923886,210.686590923886,TRUE,3,0.2,0.2,"ABRM_Binomial"
"covariate_y_3_prop",0.0336451389522162,0.0965578903466974,-0.155753885895759,0.222747699975462,-0.05,0.0836451389522162,-167.290277904432,TRUE,3,0.2,0.2,"ABRM_Binomial"
"covariate_y_4_prop",0.0170112249523914,0.0974684739256123,-0.173163840674145,0.205950843804034,0.02,-0.00298877504760858,-14.9438752380429,TRUE,3,0.2,0.2,"ABRM_Binomial"
"covariate_x_1_prop",-1.00647929642378,0.222245345501192,-1.44208017360611,-0.570878419241441,0.03,-1.03647929642378,-3454.93098807926,FALSE,3,0.2,0.2,"Dasymetric_Binomial"
"covariate_x_2_prop",-0.216169967634937,0.228993322911305,-0.664996880541095,0.232656945271221,-0.01,-0.206169967634937,2061.69967634937,TRUE,3,0.2,0.2,"Dasymetric_Binomial"
"covariate_x_3_prop",-1.60847491521661,0.184656608928618,-1.9704018687167,-1.24654796171652,0.06,-1.66847491521661,-2780.79152536102,FALSE,3,0.2,0.2,"Dasymetric_Binomial"
"covariate_y_1_prop",-1.6267790775641,0.263148189635391,-2.14254952924946,-1.11100862587873,0.04,-1.6667790775641,-4166.94769391024,FALSE,3,0.2,0.2,"Dasymetric_Binomial"
"covariate_y_2_prop",-1.11012797702795,0.312813446175116,-1.72324233153117,-0.497013622524718,0.01,-1.12012797702795,-11201.2797702795,FALSE,3,0.2,0.2,"Dasymetric_Binomial"
"covariate_y_3_prop",-0.014009020607864,0.341714951072765,-0.683770324710483,0.655752283494755,-0.05,0.035990979392136,-71.9819587842721,TRUE,3,0.2,0.2,"Dasymetric_Binomial"
"covariate_y_4_prop",-0.460948180399754,0.232958117906633,-0.917546091496754,-0.00435026930275328,0.02,-0.480948180399754,-2404.74090199877,FALSE,3,0.2,0.2,"Dasymetric_Binomial"
"covariate_x_1_prop",0.000884101576110587,0.0999955364182656,-0.196211608534693,0.198386172657649,0.03,-0.0291158984238894,-97.052994746298,TRUE,4,0.2,0.2,"ABRM_Binomial"
"covariate_x_2_prop",-0.000755373467894255,0.10006305508133,-0.196206089290662,0.19760447372113,-0.01,0.00924462653210575,-92.4462653210575,TRUE,4,0.2,0.2,"ABRM_Binomial"
"covariate_x_3_prop",-0.00134544316324426,0.100340876851113,-0.197185905326497,0.193264937074478,0.06,-0.0613454431632443,-102.242405272074,TRUE,4,0.2,0.2,"ABRM_Binomial"
"covariate_y_1_prop",0.0470139029949771,0.0931001911149376,-0.134616558907723,0.236476440996402,0.04,0.00701390299497711,17.5347574874428,TRUE,4,0.2,0.2,"ABRM_Binomial"
"covariate_y_2_prop",-0.0100455411960705,0.0941055271801603,-0.195836914573717,0.172890505990977,0.01,-0.0200455411960705,-200.455411960705,TRUE,4,0.2,0.2,"ABRM_Binomial"
"covariate_y_3_prop",0.0188212622070038,0.0995080281012853,-0.176128781764383,0.211821133091723,-0.05,0.0688212622070038,-137.642524414008,TRUE,4,0.2,0.2,"ABRM_Binomial"
"covariate_y_4_prop",-0.00932039781161488,0.0947888387717455,-0.199300234536694,0.176107683746637,0.02,-0.0293203978116149,-146.601989058074,TRUE,4,0.2,0.2,"ABRM_Binomial"
"covariate_x_1_prop",-3.80460912832077,0.248993034342898,-4.29263547563285,-3.31658278100869,0.03,-3.83460912832077,-12782.0304277359,FALSE,4,0.2,0.2,"Dasymetric_Binomial"
"covariate_x_2_prop",-1.84956675375052,0.252968870158617,-2.34538573926141,-1.35374776823963,-0.01,-1.83956675375052,18395.6675375052,FALSE,4,0.2,0.2,"Dasymetric_Binomial"
"covariate_x_3_prop",2.19195988063216,0.321184884796716,1.5624375064306,2.82148225483372,0.06,2.13195988063216,3553.26646772027,FALSE,4,0.2,0.2,"Dasymetric_Binomial"
"covariate_y_1_prop",0.133278221745904,0.309323785855648,-0.472996398531165,0.739552842022973,0.04,0.0932782217459042,233.19555436476,TRUE,4,0.2,0.2,"Dasymetric_Binomial"
"covariate_y_2_prop",0.645223555373301,0.251964921629878,0.151372308978741,1.13907480176786,0.01,0.635223555373301,6352.23555373301,FALSE,4,0.2,0.2,"Dasymetric_Binomial"
"covariate_y_3_prop",-1.14211712788507,0.322813248410591,-1.77483109476983,-0.509403161000312,-0.05,-1.09211712788507,2184.23425577014,FALSE,4,0.2,0.2,"Dasymetric_Binomial"
"covariate_y_4_prop",-1.2331220115125,0.279296206855804,-1.78054257694988,-0.685701446075128,0.02,-1.2531220115125,-6265.61005756252,FALSE,4,0.2,0.2,"Dasymetric_Binomial"
"covariate_x_1_prop",0.00118470139366714,0.101159096422166,-0.196079327341828,0.20198153507708,0.03,-0.0288152986063329,-96.0509953544429,TRUE,5,0.2,0.2,"ABRM_Binomial"
"covariate_x_2_prop",-0.000825870756538307,0.098512658214835,-0.197925840093997,0.190521430442239,-0.01,0.00917412924346169,-91.7412924346169,TRUE,5,0.2,0.2,"ABRM_Binomial"
"covariate_x_3_prop",-0.00429995169220849,0.100084645002075,-0.200079982705429,0.194781931925594,0.06,-0.0642999516922085,-107.166586153681,TRUE,5,0.2,0.2,"ABRM_Binomial"
"covariate_y_1_prop",-0.0096756321716184,0.0962124864132926,-0.201709590381833,0.179302358128386,0.04,-0.0496756321716184,-124.189080429046,TRUE,5,0.2,0.2,"ABRM_Binomial"
"covariate_y_2_prop",-0.0201350995836387,0.0964001481333816,-0.208842243025856,0.169362806967744,0.01,-0.0301350995836387,-301.350995836387,TRUE,5,0.2,0.2,"ABRM_Binomial"
"covariate_y_3_prop",-0.0198194662376711,0.0945294422624105,-0.205604294789722,0.165180402312575,-0.05,0.0301805337623289,-60.3610675246579,TRUE,5,0.2,0.2,"ABRM_Binomial"
"covariate_y_4_prop",-0.00467172069906076,0.0983230670888618,-0.196655836808897,0.187606288255075,0.02,-0.0246717206990608,-123.358603495304,TRUE,5,0.2,0.2,"ABRM_Binomial"
"covariate_x_1_prop",-0.510622382302463,0.193171202982588,-0.889237940148335,-0.132006824456591,0.03,-0.540622382302463,-1802.07460767488,FALSE,5,0.2,0.2,"Dasymetric_Binomial"
"covariate_x_2_prop",-0.439543927420541,0.198707498348884,-0.829010624184353,-0.0500772306567288,-0.01,-0.429543927420541,4295.43927420541,FALSE,5,0.2,0.2,"Dasymetric_Binomial"
"covariate_x_3_prop",0.466521812472464,0.207689505490998,0.059450381710107,0.873593243234821,0.06,0.406521812472464,677.536354120773,TRUE,5,0.2,0.2,"Dasymetric_Binomial"
"covariate_y_1_prop",-0.34114383682601,0.371998844248518,-1.07026157155311,0.387973897901085,0.04,-0.38114383682601,-952.859592065026,TRUE,5,0.2,0.2,"Dasymetric_Binomial"
"covariate_y_2_prop",0.706677732602815,0.240205505923333,0.235874940993082,1.17748052421255,0.01,0.696677732602815,6966.77732602815,FALSE,5,0.2,0.2,"Dasymetric_Binomial"
"covariate_y_3_prop",0.460516673815516,0.251038153920952,-0.0315181078695507,0.952551455500582,-0.05,0.510516673815516,-1021.03334763103,FALSE,5,0.2,0.2,"Dasymetric_Binomial"
"covariate_y_4_prop",0.318182160445275,0.260174435116201,-0.191759732382479,0.82812405327303,0.02,0.298182160445275,1490.91080222638,TRUE,5,0.2,0.2,"Dasymetric_Binomial"
"covariate_x_1_prop",0.00101741041715396,0.100337779460683,-0.197918051792086,0.193629366679851,0.03,-0.028982589582846,-96.6086319428201,TRUE,6,0.2,0.2,"ABRM_Binomial"
"covariate_x_2_prop",-0.00358780370381713,0.0992483431059431,-0.193168783688536,0.193167808513517,-0.01,0.00641219629618287,-64.1219629618287,TRUE,6,0.2,0.2,"ABRM_Binomial"
"covariate_x_3_prop",-0.000156490223390401,0.101312141074341,-0.19960493319169,0.197626997674565,0.06,-0.0601564902233904,-100.260817038984,TRUE,6,0.2,0.2,"ABRM_Binomial"
"covariate_y_1_prop",-0.0228161626487425,0.0911258194311974,-0.202044692272738,0.151930493693654,0.04,-0.0628161626487425,-157.040406621856,TRUE,6,0.2,0.2,"ABRM_Binomial"
"covariate_y_2_prop",-0.00959382173001049,0.0930967745215444,-0.189323482478809,0.174186427028418,0.01,-0.0195938217300105,-195.938217300105,TRUE,6,0.2,0.2,"ABRM_Binomial"
"covariate_y_3_prop",-0.016388476289549,0.0903586899052036,-0.196009001603167,0.161674673073159,-0.05,0.033611523710451,-67.2230474209021,TRUE,6,0.2,0.2,"ABRM_Binomial"
"covariate_y_4_prop",-0.0249323252254778,0.0941715732138766,-0.209117372809973,0.158312660550228,0.02,-0.0449323252254778,-224.661626127389,TRUE,6,0.2,0.2,"ABRM_Binomial"
"covariate_x_1_prop",-1.84155306683213,0.29534963144886,-2.4204383444719,-1.26266778919237,0.03,-1.87155306683213,-6238.51022277377,FALSE,6,0.2,0.2,"Dasymetric_Binomial"
"covariate_x_2_prop",0.555342422440953,0.269191216385736,0.0277276383249102,1.082957206557,-0.01,0.565342422440953,-5653.42422440953,FALSE,6,0.2,0.2,"Dasymetric_Binomial"
"covariate_x_3_prop",0.524938415463347,0.227562425632558,0.0789160612235341,0.970960769703161,0.06,0.464938415463347,774.897359105579,FALSE,6,0.2,0.2,"Dasymetric_Binomial"
"covariate_y_1_prop",-3.60328662465392,0.262292601430885,-4.11738012345845,-3.08919312584938,0.04,-3.64328662465392,-9108.21656163479,FALSE,6,0.2,0.2,"Dasymetric_Binomial"
"covariate_y_2_prop",-0.528650732809371,0.351049264877921,-1.2167072919701,0.159405826351354,0.01,-0.538650732809371,-5386.50732809371,TRUE,6,0.2,0.2,"Dasymetric_Binomial"
"covariate_y_3_prop",0.86370590104546,0.30732843162128,0.261342175067751,1.46606962702317,-0.05,0.91370590104546,-1827.41180209092,FALSE,6,0.2,0.2,"Dasymetric_Binomial"
"covariate_y_4_prop",0.616047764485142,0.236359586423164,0.15278297509574,1.07931255387454,0.02,0.596047764485142,2980.23882242571,FALSE,6,0.2,0.2,"Dasymetric_Binomial"
"covariate_x_1_prop",0.00147350304374686,0.0994894548172099,-0.192879437153326,0.199263596768704,0.03,-0.0285264969562531,-95.0883231875105,TRUE,7,0.2,0.2,"ABRM_Binomial"
"covariate_x_2_prop",0.00166210223160903,0.0980841555979007,-0.191390952941589,0.194552620797555,-0.01,0.011662102231609,-116.62102231609,TRUE,7,0.2,0.2,"ABRM_Binomial"
"covariate_x_3_prop",0.00148298993813322,0.101766250662725,-0.199234801836701,0.1977905919517,0.06,-0.0585170100618668,-97.5283501031113,TRUE,7,0.2,0.2,"ABRM_Binomial"
"covariate_y_1_prop",-0.0367874663471439,0.0983885346082004,-0.225311392909576,0.158011738873755,0.04,-0.0767874663471439,-191.96866586786,TRUE,7,0.2,0.2,"ABRM_Binomial"
"covariate_y_2_prop",-0.0175799386237646,0.100441821835018,-0.217626103840054,0.18143705940205,0.01,-0.0275799386237646,-275.799386237646,TRUE,7,0.2,0.2,"ABRM_Binomial"
"covariate_y_3_prop",-0.0357322309498654,0.099766345489329,-0.231101967310203,0.161028884592968,-0.05,0.0142677690501346,-28.5355381002692,TRUE,7,0.2,0.2,"ABRM_Binomial"
"covariate_y_4_prop",-0.0373294354994222,0.0972125575508048,-0.230181498232495,0.15336117160022,0.02,-0.0573294354994222,-286.647177497111,TRUE,7,0.2,0.2,"ABRM_Binomial"
"covariate_x_1_prop",-0.720677557192334,0.226670867740749,-1.1649524579642,-0.276402656420467,0.03,-0.750677557192334,-2502.25852397445,FALSE,7,0.2,0.2,"Dasymetric_Binomial"
"covariate_x_2_prop",-0.630896137389325,0.227564506025735,-1.07692256919977,-0.184869705578883,-0.01,-0.620896137389325,6208.96137389325,FALSE,7,0.2,0.2,"Dasymetric_Binomial"
"covariate_x_3_prop",1.11073933727592,0.23203213840753,0.655956345997167,1.56552232855468,0.06,1.05073933727592,1751.23222879321,FALSE,7,0.2,0.2,"Dasymetric_Binomial"
"covariate_y_1_prop",0.0106478612619665,0.247713761523212,-0.474871111323529,0.496166833847462,0.04,-0.0293521387380335,-73.3803468450837,TRUE,7,0.2,0.2,"Dasymetric_Binomial"
"covariate_y_2_prop",-0.266979510067125,0.238443591232902,-0.734328948883612,0.200369928749363,0.01,-0.276979510067125,-2769.79510067125,TRUE,7,0.2,0.2,"Dasymetric_Binomial"
"covariate_y_3_prop",1.18203323800831,0.279062200910576,0.635071324223585,1.72899515179304,-0.05,1.23203323800831,-2464.06647601663,FALSE,7,0.2,0.2,"Dasymetric_Binomial"
"covariate_y_4_prop",-0.604370121710598,0.270236958655074,-1.13403456067454,-0.0747056827466528,0.02,-0.624370121710598,-3121.85060855299,FALSE,7,0.2,0.2,"Dasymetric_Binomial"
"covariate_x_1_prop",0.00273820812951268,0.100756307960197,-0.195094982530879,0.203942996600005,0.03,-0.0272617918704873,-90.8726395682911,TRUE,8,0.2,0.2,"ABRM_Binomial"
"covariate_x_2_prop",0.000390060979827801,0.10099133654856,-0.1986673183595,0.195547495221064,-0.01,0.0103900609798278,-103.900609798278,TRUE,8,0.2,0.2,"ABRM_Binomial"
"covariate_x_3_prop",0.00107205333786862,0.0999366838493713,-0.195838893928889,0.196065052053612,0.06,-0.0589279466621314,-98.2132444368856,TRUE,8,0.2,0.2,"ABRM_Binomial"
"covariate_y_1_prop",0.00728698658692073,0.0921803536734404,-0.173272275103896,0.188676002313275,0.04,-0.0327130134130793,-81.7825335326982,TRUE,8,0.2,0.2,"ABRM_Binomial"
"covariate_y_2_prop",0.00290750047943244,0.0879049465888567,-0.167790106868814,0.177248469370878,0.01,-0.00709249952056756,-70.9249952056756,TRUE,8,0.2,0.2,"ABRM_Binomial"
"covariate_y_3_prop",-0.0219168080467886,0.0843544068588696,-0.181743032879728,0.145822890698077,-0.05,0.0280831919532114,-56.1663839064229,TRUE,8,0.2,0.2,"ABRM_Binomial"
"covariate_y_4_prop",-0.0180484979671202,0.0944457005034495,-0.203910680693917,0.162639367783294,0.02,-0.0380484979671202,-190.242489835601,TRUE,8,0.2,0.2,"ABRM_Binomial"
"covariate_x_1_prop",-1.25731510285855,0.328621266502711,-1.90141278520387,-0.61321742051324,0.03,-1.28731510285855,-4291.05034286184,FALSE,8,0.2,0.2,"Dasymetric_Binomial"
"covariate_x_2_prop",-1.83178538886712,0.261252881812268,-2.34384103721916,-1.31972974051507,-0.01,-1.82178538886712,18217.8538886712,FALSE,8,0.2,0.2,"Dasymetric_Binomial"
"covariate_x_3_prop",1.44506991808391,0.41002245116493,0.641425913800649,2.24871392236718,0.06,1.38506991808391,2308.44986347319,FALSE,8,0.2,0.2,"Dasymetric_Binomial"
"covariate_y_1_prop",-1.81656661558222,0.353186187987918,-2.50881154403854,-1.1243216871259,0.04,-1.85656661558222,-4641.41653895555,FALSE,8,0.2,0.2,"Dasymetric_Binomial"
"covariate_y_2_prop",0.998168529744316,0.348454751618638,0.315197216571786,1.68113984291685,0.01,0.988168529744316,9881.68529744316,FALSE,8,0.2,0.2,"Dasymetric_Binomial"
"covariate_y_3_prop",-0.528396298050378,0.255732168348714,-1.02963134801386,-0.0271612480868993,-0.05,-0.478396298050378,956.792596100756,TRUE,8,0.2,0.2,"Dasymetric_Binomial"
"covariate_y_4_prop",0.581486742562359,0.280404949671486,0.0318930412062473,1.13108044391847,0.02,0.561486742562359,2807.4337128118,FALSE,8,0.2,0.2,"Dasymetric_Binomial"
"covariate_x_1_prop",-0.000394895262932264,0.101147035977165,-0.198010404702051,0.197424602825405,0.03,-0.0303948952629323,-101.316317543108,TRUE,9,0.2,0.2,"ABRM_Binomial"
"covariate_x_2_prop",0.000693962999756899,0.100630589675985,-0.1943798321713,0.198165411709737,-0.01,0.0106939629997569,-106.939629997569,TRUE,9,0.2,0.2,"ABRM_Binomial"
"covariate_x_3_prop",0.00289309419349542,0.100688170645585,-0.200504765434746,0.196422999334942,0.06,-0.0571069058065046,-95.1781763441743,TRUE,9,0.2,0.2,"ABRM_Binomial"
"covariate_y_1_prop",0.0391448569935561,0.0903178860815601,-0.140218837392124,0.213260306074831,0.04,-0.000855143006443876,-2.13785751610969,TRUE,9,0.2,0.2,"ABRM_Binomial"
"covariate_y_2_prop",0.00257087837845102,0.0977318359375244,-0.193315669336635,0.188080303445411,0.01,-0.00742912162154898,-74.2912162154898,TRUE,9,0.2,0.2,"ABRM_Binomial"
"covariate_y_3_prop",0.0276210367661769,0.0853936294253655,-0.14323933565026,0.190279836278094,-0.05,0.0776210367661769,-155.242073532354,TRUE,9,0.2,0.2,"ABRM_Binomial"
"covariate_y_4_prop",0.0521174754511143,0.0896420870895009,-0.12378768356748,0.227303113918032,0.02,0.0321174754511143,160.587377255572,TRUE,9,0.2,0.2,"ABRM_Binomial"
"covariate_x_1_prop",0.934407500875874,0.237897234393466,0.468128921464681,1.40068608028707,0.03,0.904407500875874,3014.69166958625,FALSE,9,0.2,0.2,"Dasymetric_Binomial"
"covariate_x_2_prop",1.79931853640682,0.286805550254785,1.23717965790744,2.3614574149062,-0.01,1.80931853640682,-18093.1853640682,FALSE,9,0.2,0.2,"Dasymetric_Binomial"
"covariate_x_3_prop",0.222381039310689,0.202883383883657,-0.175270393101279,0.620032471722657,0.06,0.162381039310689,270.635065517815,TRUE,9,0.2,0.2,"Dasymetric_Binomial"
"covariate_y_1_prop",-0.0225578625814588,0.228240740039957,-0.469909713059775,0.424793987896858,0.04,-0.0625578625814588,-156.394656453647,TRUE,9,0.2,0.2,"Dasymetric_Binomial"
"covariate_y_2_prop",0.140211445468106,0.223266272227981,-0.297390448098737,0.577813339034948,0.01,0.130211445468106,1302.11445468106,TRUE,9,0.2,0.2,"Dasymetric_Binomial"
"covariate_y_3_prop",1.1050043542779,0.351189428450546,0.41667307451483,1.79333563404097,-0.05,1.1550043542779,-2310.0087085558,FALSE,9,0.2,0.2,"Dasymetric_Binomial"
"covariate_y_4_prop",-0.740981032199708,0.22842324471004,-1.18869059183139,-0.29327147256803,0.02,-0.760981032199708,-3804.90516099854,FALSE,9,0.2,0.2,"Dasymetric_Binomial"
"covariate_x_1_prop",-0.000275195086866317,0.100385947595089,-0.197110022895932,0.194600384700014,0.03,-0.0302751950868663,-100.917316956221,TRUE,10,0.2,0.2,"ABRM_Binomial"
"covariate_x_2_prop",-0.000343632739366047,0.100380352270698,-0.198610091469411,0.194055422492876,-0.01,0.00965636726063395,-96.5636726063395,TRUE,10,0.2,0.2,"ABRM_Binomial"
"covariate_x_3_prop",-0.00558364692101229,0.098790376382977,-0.19720455016095,0.188491524502231,0.06,-0.0655836469210123,-109.306078201687,TRUE,10,0.2,0.2,"ABRM_Binomial"
"covariate_y_1_prop",-0.0520176303633785,0.0901325522052495,-0.231162078748299,0.127065127698167,0.04,-0.0920176303633785,-230.044075908446,TRUE,10,0.2,0.2,"ABRM_Binomial"
"covariate_y_2_prop",-0.0225393103179557,0.0983152492540751,-0.217823571333668,0.17204419830451,0.01,-0.0325393103179557,-325.393103179557,TRUE,10,0.2,0.2,"ABRM_Binomial"
"covariate_y_3_prop",-0.0797362745438276,0.0906950812989973,-0.255962671110398,0.0990355291537516,-0.05,-0.0297362745438276,59.4725490876552,TRUE,10,0.2,0.2,"ABRM_Binomial"
"covariate_y_4_prop",-0.0658510677018828,0.0957172330733513,-0.258878840578944,0.116887247535762,0.02,-0.0858510677018828,-429.255338509414,TRUE,10,0.2,0.2,"ABRM_Binomial"
"covariate_x_1_prop",-0.947532299619424,0.286316834240736,-1.50871329473127,-0.386351304507581,0.03,-0.977532299619424,-3258.44099873141,FALSE,10,0.2,0.2,"Dasymetric_Binomial"
"covariate_x_2_prop",-1.88318411675099,0.269169914016832,-2.41075714822399,-1.355611085278,-0.01,-1.87318411675099,18731.84116751,FALSE,10,0.2,0.2,"Dasymetric_Binomial"
"covariate_x_3_prop",1.02510861380856,0.222757723406181,0.58850347593245,1.46171375168468,0.06,0.965108613808564,1608.51435634761,FALSE,10,0.2,0.2,"Dasymetric_Binomial"
"covariate_y_1_prop",0.0520226900910424,0.326667179378069,-0.588244981489973,0.692290361672058,0.04,0.0120226900910424,30.0567252276061,TRUE,10,0.2,0.2,"Dasymetric_Binomial"
"covariate_y_2_prop",0.0913799047190905,0.291263053670183,-0.479495680474467,0.662255489912648,0.01,0.0813799047190905,813.799047190905,TRUE,10,0.2,0.2,"Dasymetric_Binomial"
"covariate_y_3_prop",-2.10999397677652,0.3138410458693,-2.72512242668035,-1.49486552687269,-0.05,-2.05999397677652,4119.98795355304,FALSE,10,0.2,0.2,"Dasymetric_Binomial"
"covariate_y_4_prop",-0.450997630868098,0.341329156329809,-1.12000277727452,0.218007515538328,0.02,-0.470997630868098,-2354.98815434049,TRUE,10,0.2,0.2,"Dasymetric_Binomial"
"covariate_x_1_prop",-0.00181795435820058,0.101807212662799,-0.204580455693819,0.197008931545382,0.03,-0.0318179543582006,-106.059847860669,TRUE,1,0.2,0.6,"ABRM_Binomial"
"covariate_x_2_prop",0.000680811360688075,0.100582348551918,-0.197023499706327,0.198889199361416,-0.01,0.0106808113606881,-106.808113606881,TRUE,1,0.2,0.6,"ABRM_Binomial"
"covariate_x_3_prop",-0.000540763852422685,0.100444356154476,-0.196162538315066,0.194583804097526,0.06,-0.0605407638524227,-100.901273087371,TRUE,1,0.2,0.6,"ABRM_Binomial"
"covariate_y_1_prop",0.0611094391841256,0.0914296493845308,-0.118921342596576,0.237717264948088,0.04,0.0211094391841256,52.773597960314,TRUE,1,0.2,0.6,"ABRM_Binomial"
"covariate_y_2_prop",-0.0357451267015945,0.104671964950926,-0.245739344526022,0.169919765827597,0.01,-0.0457451267015945,-457.451267015945,TRUE,1,0.2,0.6,"ABRM_Binomial"
"covariate_y_3_prop",-0.0374013234299948,0.102793860800344,-0.240321658379296,0.16769579731313,-0.05,0.0125986765700052,-25.1973531400104,TRUE,1,0.2,0.6,"ABRM_Binomial"
"covariate_y_4_prop",-0.0307210701709105,0.0985967606098698,-0.219001053894593,0.164209227239282,0.02,-0.0507210701709105,-253.605350854553,TRUE,1,0.2,0.6,"ABRM_Binomial"
"covariate_x_1_prop",0.0160763361858569,0.266680077347864,-0.506616615415957,0.538769287787671,0.03,-0.0139236638141431,-46.4122127138103,TRUE,1,0.2,0.6,"Dasymetric_Binomial"
"covariate_x_2_prop",-1.66297763197809,0.281678024944416,-2.21506656086915,-1.11088870308704,-0.01,-1.65297763197809,16529.7763197809,FALSE,1,0.2,0.6,"Dasymetric_Binomial"
"covariate_x_3_prop",-0.300172757686853,0.216064849820101,-0.72365986333425,0.123314347960545,0.06,-0.360172757686853,-600.287929478088,TRUE,1,0.2,0.6,"Dasymetric_Binomial"
"covariate_y_1_prop",-0.859374139977255,0.428862439564247,-1.69994452152318,-0.018803758431331,0.04,-0.899374139977255,-2248.43534994314,FALSE,1,0.2,0.6,"Dasymetric_Binomial"
"covariate_y_2_prop",-0.821256444926593,0.515191463651866,-1.83103171368425,0.188518823831066,0.01,-0.831256444926593,-8312.56444926592,TRUE,1,0.2,0.6,"Dasymetric_Binomial"
"covariate_y_3_prop",1.31677278911124,0.334773627958498,0.660616478312587,1.9729290999099,-0.05,1.36677278911124,-2733.54557822249,FALSE,1,0.2,0.6,"Dasymetric_Binomial"
"covariate_y_4_prop",-0.478746453813469,0.345872311497346,-1.15665618434827,0.19916327672133,0.02,-0.498746453813469,-2493.73226906734,TRUE,1,0.2,0.6,"Dasymetric_Binomial"
"covariate_x_1_prop",0.000407958654945852,0.100522039296409,-0.194420835054472,0.201987656129692,0.03,-0.0295920413450541,-98.6401378168472,TRUE,2,0.2,0.6,"ABRM_Binomial"
"covariate_x_2_prop",0.000852301551105236,0.100590604883479,-0.193855753398553,0.196673746484981,-0.01,0.0108523015511052,-108.523015511052,TRUE,2,0.2,0.6,"ABRM_Binomial"
"covariate_x_3_prop",0.000383310223948706,0.100687557972799,-0.197094236175316,0.198738705666791,0.06,-0.0596166897760513,-99.3611496267522,TRUE,2,0.2,0.6,"ABRM_Binomial"
"covariate_y_1_prop",-0.0354482831254771,0.0984175669573757,-0.220442719080834,0.158458316195501,0.04,-0.0754482831254771,-188.620707813693,TRUE,2,0.2,0.6,"ABRM_Binomial"
"covariate_y_2_prop",-0.0246090076374671,0.0974644295428238,-0.21448982146103,0.167792989557378,0.01,-0.0346090076374671,-346.090076374671,TRUE,2,0.2,0.6,"ABRM_Binomial"
"covariate_y_3_prop",-0.0124563422187453,0.0983276875211903,-0.206617462186833,0.180712500448476,-0.05,0.0375436577812547,-75.0873155625094,TRUE,2,0.2,0.6,"ABRM_Binomial"
"covariate_y_4_prop",-0.0201869666810604,0.097054610937456,-0.208108633302839,0.174165023846929,0.02,-0.0401869666810604,-200.934833405302,TRUE,2,0.2,0.6,"ABRM_Binomial"
"covariate_x_1_prop",-1.99794816928754,0.282036090216543,-2.55073890611196,-1.44515743246311,0.03,-2.02794816928754,-6759.82723095845,FALSE,2,0.2,0.6,"Dasymetric_Binomial"
"covariate_x_2_prop",-1.03680155622832,0.236028006896066,-1.49941644974461,-0.574186662712034,-0.01,-1.02680155622832,10268.0155622832,FALSE,2,0.2,0.6,"Dasymetric_Binomial"
"covariate_x_3_prop",0.409709324753579,0.274072911280903,-0.127473581356991,0.946892230864149,0.06,0.349709324753579,582.848874589298,TRUE,2,0.2,0.6,"Dasymetric_Binomial"
"covariate_y_1_prop",-0.307443214849365,0.313859316782145,-0.922607475742368,0.307721046043638,0.04,-0.347443214849365,-868.608037123412,TRUE,2,0.2,0.6,"Dasymetric_Binomial"
"covariate_y_2_prop",-1.09085750186324,0.343922886286327,-1.76494635898444,-0.41676864474204,0.01,-1.10085750186324,-11008.5750186324,FALSE,2,0.2,0.6,"Dasymetric_Binomial"
"covariate_y_3_prop",-2.50477049301007,0.354543484146052,-3.19967572193633,-1.80986526408381,-0.05,-2.45477049301007,4909.54098602013,FALSE,2,0.2,0.6,"Dasymetric_Binomial"
"covariate_y_4_prop",2.32979250618023,0.415597335665578,1.51522172827569,3.14436328408476,0.02,2.30979250618023,11548.9625309011,FALSE,2,0.2,0.6,"Dasymetric_Binomial"
"covariate_x_1_prop",-0.00131489117805794,0.101926917034908,-0.200579601198673,0.199328094163027,0.03,-0.0313148911780579,-104.382970593526,TRUE,3,0.2,0.6,"ABRM_Binomial"
"covariate_x_2_prop",0.00305445839776745,0.101385334749199,-0.197364192151817,0.200233638355191,-0.01,0.0130544583977674,-130.544583977674,TRUE,3,0.2,0.6,"ABRM_Binomial"
"covariate_x_3_prop",-0.000848444840759503,0.101232544171043,-0.199100092011202,0.203564939398096,0.06,-0.0608484448407595,-101.414074734599,TRUE,3,0.2,0.6,"ABRM_Binomial"
"covariate_y_1_prop",-0.0517708309145305,0.0918673364279446,-0.229254924041628,0.131255015481165,0.04,-0.0917708309145305,-229.427077286326,TRUE,3,0.2,0.6,"ABRM_Binomial"
"covariate_y_2_prop",-0.0141034706235764,0.0976584227393656,-0.202152470746639,0.176920262397377,0.01,-0.0241034706235764,-241.034706235764,TRUE,3,0.2,0.6,"ABRM_Binomial"
"covariate_y_3_prop",-0.0599212303176528,0.0932840675757581,-0.244136773378034,0.123350020008239,-0.05,-0.00992123031765278,19.8424606353055,TRUE,3,0.2,0.6,"ABRM_Binomial"
"covariate_y_4_prop",-0.0391577817796344,0.0978191755684717,-0.22927889467523,0.151709834795355,0.02,-0.0591577817796344,-295.788908898172,TRUE,3,0.2,0.6,"ABRM_Binomial"
"covariate_x_1_prop",-0.8269860054227,0.285196431445851,-1.38597101105657,-0.268000999788831,0.03,-0.8569860054227,-2856.62001807567,FALSE,3,0.2,0.6,"Dasymetric_Binomial"
"covariate_x_2_prop",1.2671385907265,0.311082478763731,0.65741693234959,1.87686024910341,-0.01,1.2771385907265,-12771.385907265,FALSE,3,0.2,0.6,"Dasymetric_Binomial"
"covariate_x_3_prop",-0.937615537220725,0.236332215358042,-1.40082667932249,-0.474404395118964,0.06,-0.997615537220725,-1662.69256203454,FALSE,3,0.2,0.6,"Dasymetric_Binomial"
"covariate_y_1_prop",-0.3999536254406,0.335442565710189,-1.05742105423257,0.257513803351371,0.04,-0.4399536254406,-1099.8840636015,TRUE,3,0.2,0.6,"Dasymetric_Binomial"
"covariate_y_2_prop",1.69324829872994,0.276270497784924,1.15175812307149,2.23473847438839,0.01,1.68324829872994,16832.4829872994,FALSE,3,0.2,0.6,"Dasymetric_Binomial"
"covariate_y_3_prop",-1.31945775979677,0.429395375144569,-2.16107269508013,-0.477842824513418,-0.05,-1.26945775979677,2538.91551959355,FALSE,3,0.2,0.6,"Dasymetric_Binomial"
"covariate_y_4_prop",-1.28463368436685,0.382940502610669,-2.03519706948377,-0.534070299249943,0.02,-1.30463368436685,-6523.16842183427,FALSE,3,0.2,0.6,"Dasymetric_Binomial"
"covariate_x_1_prop",0.00185988776297654,0.100195023582974,-0.193117054289916,0.199456632349146,0.03,-0.0281401122370235,-93.8003741234115,TRUE,4,0.2,0.6,"ABRM_Binomial"
"covariate_x_2_prop",0.000588106997005262,0.0996140060471115,-0.192721721077218,0.198469514856435,-0.01,0.0105881069970053,-105.881069970053,TRUE,4,0.2,0.6,"ABRM_Binomial"
"covariate_x_3_prop",0.00153244225962397,0.100628299607278,-0.194345814379681,0.198791302992544,0.06,-0.058467557740376,-97.4459295672934,TRUE,4,0.2,0.6,"ABRM_Binomial"
"covariate_y_1_prop",-0.0958130607768427,0.0919066399899822,-0.279666733928744,0.0802030097495004,0.04,-0.135813060776843,-339.532651942107,TRUE,4,0.2,0.6,"ABRM_Binomial"
"covariate_y_2_prop",-0.0563960582061483,0.0936597806093597,-0.238786520639323,0.127141071243549,0.01,-0.0663960582061483,-663.960582061483,TRUE,4,0.2,0.6,"ABRM_Binomial"
"covariate_y_3_prop",-0.039497994145741,0.0957823227874034,-0.22600298584127,0.149291829958476,-0.05,0.010502005854259,-21.004011708518,TRUE,4,0.2,0.6,"ABRM_Binomial"
"covariate_y_4_prop",-0.0787621963743519,0.0928313272236795,-0.259654958805601,0.100892993292015,0.02,-0.0987621963743519,-493.81098187176,TRUE,4,0.2,0.6,"ABRM_Binomial"
"covariate_x_1_prop",-0.287399768651211,0.290208459091641,-0.856208348470828,0.281408811168405,0.03,-0.317399768651211,-1057.99922883737,TRUE,4,0.2,0.6,"Dasymetric_Binomial"
"covariate_x_2_prop",-0.312835432525426,0.321925148567915,-0.943808723718539,0.318137858667687,-0.01,-0.302835432525426,3028.35432525426,TRUE,4,0.2,0.6,"Dasymetric_Binomial"
"covariate_x_3_prop",-0.200884717629906,0.313527911142985,-0.815399423470158,0.413629988210345,0.06,-0.260884717629906,-434.80786271651,TRUE,4,0.2,0.6,"Dasymetric_Binomial"
"covariate_y_1_prop",-1.75152899888118,0.384002209904516,-2.50417333029403,-0.998884667468325,0.04,-1.79152899888118,-4478.82249720294,FALSE,4,0.2,0.6,"Dasymetric_Binomial"
"covariate_y_2_prop",1.28838843174264,0.458234419391624,0.390248969735059,2.18652789375022,0.01,1.27838843174264,12783.8843174264,FALSE,4,0.2,0.6,"Dasymetric_Binomial"
"covariate_y_3_prop",-1.9335774669483,0.417360932151328,-2.7516048939649,-1.1155500399317,-0.05,-1.8835774669483,3767.1549338966,FALSE,4,0.2,0.6,"Dasymetric_Binomial"
"covariate_y_4_prop",0.0735485903932347,0.487131117533344,-0.88122839997212,1.02832558075859,0.02,0.0535485903932347,267.742951966174,TRUE,4,0.2,0.6,"Dasymetric_Binomial"
"covariate_x_1_prop",0.00464329300417952,0.100066958599766,-0.19138451074577,0.202332474974424,0.03,-0.0253567069958205,-84.5223566527349,TRUE,5,0.2,0.6,"ABRM_Binomial"
"covariate_x_2_prop",-0.0009683884700613,0.100788622991528,-0.199144105930878,0.194797911372059,-0.01,0.0090316115299387,-90.316115299387,TRUE,5,0.2,0.6,"ABRM_Binomial"
"covariate_x_3_prop",0.00138175446315418,0.100291725933987,-0.196802187005304,0.199078583215563,0.06,-0.0586182455368458,-97.697075894743,TRUE,5,0.2,0.6,"ABRM_Binomial"
"covariate_y_1_prop",-0.00133312361900921,0.0976177144183897,-0.192544659595169,0.186383029272547,0.04,-0.0413331236190092,-103.332809047523,TRUE,5,0.2,0.6,"ABRM_Binomial"
"covariate_y_2_prop",0.00165395346343177,0.0977555414921867,-0.188076875431467,0.189265141558892,0.01,-0.00834604653656823,-83.4604653656823,TRUE,5,0.2,0.6,"ABRM_Binomial"
"covariate_y_3_prop",0.0121031274376128,0.0958556743550079,-0.178664252497187,0.199366775562371,-0.05,0.0621031274376128,-124.206254875226,TRUE,5,0.2,0.6,"ABRM_Binomial"
"covariate_y_4_prop",0.0138413189235633,0.0980672183945446,-0.176999900495114,0.20281415232593,0.02,-0.00615868107643667,-30.7934053821833,TRUE,5,0.2,0.6,"ABRM_Binomial"
"covariate_x_1_prop",0.380007914954388,0.162263046810603,0.0619723432056056,0.69804348670317,0.03,0.350007914954388,1166.69304984796,FALSE,5,0.2,0.6,"Dasymetric_Binomial"
"covariate_x_2_prop",1.29480924545691,0.317055636189324,0.673380198525834,1.91623829238798,-0.01,1.30480924545691,-13048.0924545691,FALSE,5,0.2,0.6,"Dasymetric_Binomial"
"covariate_x_3_prop",-0.0858103405496521,0.200843662560504,-0.479463919168239,0.307843238068935,0.06,-0.145810340549652,-243.01723424942,TRUE,5,0.2,0.6,"Dasymetric_Binomial"
"covariate_y_1_prop",2.50549543341358,0.326793407094179,1.86498035550899,3.14601051131817,0.04,2.46549543341358,6163.73858353395,FALSE,5,0.2,0.6,"Dasymetric_Binomial"
"covariate_y_2_prop",-1.07273416457694,0.295080960378984,-1.65109284691975,-0.494375482234133,0.01,-1.08273416457694,-10827.3416457694,FALSE,5,0.2,0.6,"Dasymetric_Binomial"
"covariate_y_3_prop",0.0234974616308963,0.402287658504399,-0.764986349037726,0.811981272299519,-0.05,0.0734974616308963,-146.994923261793,TRUE,5,0.2,0.6,"Dasymetric_Binomial"
"covariate_y_4_prop",-0.373237197233837,0.387854429876682,-1.13343187979213,0.38695748532446,0.02,-0.393237197233837,-1966.18598616919,TRUE,5,0.2,0.6,"Dasymetric_Binomial"
"covariate_x_1_prop",0.00119548450618192,0.0990250071115947,-0.192208604221157,0.19503784268094,0.03,-0.0288045154938181,-96.0150516460603,TRUE,6,0.2,0.6,"ABRM_Binomial"
"covariate_x_2_prop",-0.00193013587062947,0.0982291953558247,-0.19192061296627,0.188278320106412,-0.01,0.00806986412937053,-80.6986412937053,TRUE,6,0.2,0.6,"ABRM_Binomial"
"covariate_x_3_prop",0.000910401582609314,0.0987301019066983,-0.192489710397476,0.192210430740109,0.06,-0.0590895984173907,-98.4826640289845,TRUE,6,0.2,0.6,"ABRM_Binomial"
"covariate_y_1_prop",-0.030548479556563,0.089361215076464,-0.20748333867997,0.143184483038958,0.04,-0.070548479556563,-176.371198891407,TRUE,6,0.2,0.6,"ABRM_Binomial"
"covariate_y_2_prop",-0.0384300837170525,0.0930489781237796,-0.221864054175985,0.141319639090102,0.01,-0.0484300837170525,-484.300837170525,TRUE,6,0.2,0.6,"ABRM_Binomial"
"covariate_y_3_prop",-0.0522933934390647,0.0933335878673111,-0.234410815554147,0.131534994413729,-0.05,-0.00229339343906474,4.58678687812948,TRUE,6,0.2,0.6,"ABRM_Binomial"
"covariate_y_4_prop",-0.0449891705041846,0.0937715270249574,-0.223529714993722,0.13802422801049,0.02,-0.0649891705041846,-324.945852520923,TRUE,6,0.2,0.6,"ABRM_Binomial"
"covariate_x_1_prop",0.138672380118071,0.261672654059936,-0.374206021839403,0.651550782075546,0.03,0.108672380118071,362.241267060237,TRUE,6,0.2,0.6,"Dasymetric_Binomial"
"covariate_x_2_prop",-0.638217799625137,0.223045085225207,-1.07538616666654,-0.201049432583731,-0.01,-0.628217799625137,6282.17799625137,FALSE,6,0.2,0.6,"Dasymetric_Binomial"
"covariate_x_3_prop",0.852940687566491,0.222574798072741,0.416694083343918,1.28918729178906,0.06,0.792940687566491,1321.56781261082,FALSE,6,0.2,0.6,"Dasymetric_Binomial"
"covariate_y_1_prop",-1.23293658910206,0.355771850462965,-1.93024941600947,-0.53562376219465,0.04,-1.27293658910206,-3182.34147275515,FALSE,6,0.2,0.6,"Dasymetric_Binomial"
"covariate_y_2_prop",-1.13839122460238,0.362594310506649,-1.84907607319541,-0.427706376009347,0.01,-1.14839122460238,-11483.9122460238,FALSE,6,0.2,0.6,"Dasymetric_Binomial"
"covariate_y_3_prop",1.89969956622412,0.47282568794187,0.972961217858057,2.82643791459019,-0.05,1.94969956622412,-3899.39913244824,FALSE,6,0.2,0.6,"Dasymetric_Binomial"
"covariate_y_4_prop",0.886257498595902,0.354194823601313,0.192035644337329,1.58047935285447,0.02,0.866257498595902,4331.28749297951,FALSE,6,0.2,0.6,"Dasymetric_Binomial"
"covariate_x_1_prop",-0.000394342296129537,0.0992762880931014,-0.190683964042739,0.194587273292148,0.03,-0.0303943422961295,-101.314474320432,TRUE,7,0.2,0.6,"ABRM_Binomial"
"covariate_x_2_prop",0.000368544274648256,0.0989403609465737,-0.195147839057021,0.197145491963556,-0.01,0.0103685442746483,-103.685442746483,TRUE,7,0.2,0.6,"ABRM_Binomial"
"covariate_x_3_prop",0.00152851994359313,0.0987874750253786,-0.188752373116831,0.192576285701932,0.06,-0.0584714800564069,-97.4524667606781,TRUE,7,0.2,0.6,"ABRM_Binomial"
"covariate_y_1_prop",-0.0176483720780889,0.0955272522606708,-0.205895671637183,0.170745556604952,0.04,-0.0576483720780889,-144.120930195222,TRUE,7,0.2,0.6,"ABRM_Binomial"
"covariate_y_2_prop",-0.00665178062535941,0.0960159874281782,-0.193504368826291,0.181001215596308,0.01,-0.0166517806253594,-166.517806253594,TRUE,7,0.2,0.6,"ABRM_Binomial"
"covariate_y_3_prop",-0.0187654646511624,0.0940983542271252,-0.197159949308074,0.166775898954504,-0.05,0.0312345353488376,-62.4690706976752,TRUE,7,0.2,0.6,"ABRM_Binomial"
"covariate_y_4_prop",-0.0109496758443033,0.0933955238060691,-0.191594600392061,0.175203405079578,0.02,-0.0309496758443033,-154.748379221517,TRUE,7,0.2,0.6,"ABRM_Binomial"
"covariate_x_1_prop",0.694059781608234,0.212467942420175,0.277622614464691,1.11049694875178,0.03,0.664059781608234,2213.53260536078,FALSE,7,0.2,0.6,"Dasymetric_Binomial"
"covariate_x_2_prop",-0.101235986458005,0.287686293554395,-0.66510112182462,0.46262914890861,-0.01,-0.0912359864580052,912.359864580053,TRUE,7,0.2,0.6,"Dasymetric_Binomial"
"covariate_x_3_prop",-1.10359006620111,0.249944491316047,-1.59348126918056,-0.613698863221658,0.06,-1.16359006620111,-1939.31677700185,FALSE,7,0.2,0.6,"Dasymetric_Binomial"
"covariate_y_1_prop",-0.570859108914377,0.301870935912193,-1.16252614330228,0.0208079254735218,0.04,-0.610859108914377,-1527.14777228594,FALSE,7,0.2,0.6,"Dasymetric_Binomial"
"covariate_y_2_prop",1.01146962137109,0.467050883811949,0.0960498890996717,1.92688935364251,0.01,1.00146962137109,10014.6962137109,FALSE,7,0.2,0.6,"Dasymetric_Binomial"
"covariate_y_3_prop",0.737275502347678,0.402400660076317,-0.0514297914019036,1.52598079609726,-0.05,0.787275502347679,-1574.55100469536,TRUE,7,0.2,0.6,"Dasymetric_Binomial"
"covariate_y_4_prop",-0.791534991913454,0.422905170925708,-1.62042912692784,0.0373591431009325,0.02,-0.811534991913454,-4057.67495956727,TRUE,7,0.2,0.6,"Dasymetric_Binomial"
"covariate_x_1_prop",-0.00553180003911143,0.0991953271431294,-0.200696955197437,0.183176172101645,0.03,-0.0355318000391114,-118.439333463705,TRUE,8,0.2,0.6,"ABRM_Binomial"
"covariate_x_2_prop",-0.000584886540081717,0.0995048088438474,-0.198792143683339,0.192710761809351,-0.01,0.00941511345991828,-94.1511345991828,TRUE,8,0.2,0.6,"ABRM_Binomial"
"covariate_x_3_prop",-0.00231109578952581,0.0997427898238071,-0.198291534107825,0.191472225641198,0.06,-0.0623110957895258,-103.851826315876,TRUE,8,0.2,0.6,"ABRM_Binomial"
"covariate_y_1_prop",0.0117709026468212,0.0875617048743442,-0.156883076589139,0.180744152278236,0.04,-0.0282290973531788,-70.572743382947,TRUE,8,0.2,0.6,"ABRM_Binomial"
"covariate_y_2_prop",0.0271256042094643,0.0884963546132808,-0.14850928074993,0.202279141677109,0.01,0.0171256042094643,171.256042094643,TRUE,8,0.2,0.6,"ABRM_Binomial"
"covariate_y_3_prop",0.00778205041105618,0.080448507399729,-0.148451162415642,0.168207870094995,-0.05,0.0577820504110562,-115.564100822112,TRUE,8,0.2,0.6,"ABRM_Binomial"
"covariate_y_4_prop",0.0194101394410632,0.0953537040018936,-0.165585495298983,0.206387865698825,0.02,-0.000589860558936752,-2.94930279468376,TRUE,8,0.2,0.6,"ABRM_Binomial"
"covariate_x_1_prop",-0.014594302776972,0.314620669363771,-0.631250814729963,0.602062209176019,0.03,-0.044594302776972,-148.64767592324,TRUE,8,0.2,0.6,"Dasymetric_Binomial"
"covariate_x_2_prop",1.29537162967434,0.314590458004528,0.678774331985461,1.91196892736321,-0.01,1.30537162967434,-13053.7162967434,FALSE,8,0.2,0.6,"Dasymetric_Binomial"
"covariate_x_3_prop",0.153807189500938,0.331989569746085,-0.496892367201388,0.804506746203264,0.06,0.0938071895009382,156.345315834897,TRUE,8,0.2,0.6,"Dasymetric_Binomial"
"covariate_y_1_prop",0.346723465413844,0.323318550997925,-0.286980894542088,0.980427825369776,0.04,0.306723465413844,766.80866353461,TRUE,8,0.2,0.6,"Dasymetric_Binomial"
"covariate_y_2_prop",-1.91680614757379,0.371436316391952,-2.64482132770201,-1.18879096744556,0.01,-1.92680614757379,-19268.0614757379,FALSE,8,0.2,0.6,"Dasymetric_Binomial"
"covariate_y_3_prop",-1.39564451401478,0.398769785391628,-2.17723329338237,-0.614055734647191,-0.05,-1.34564451401478,2691.28902802956,FALSE,8,0.2,0.6,"Dasymetric_Binomial"
"covariate_y_4_prop",1.25860640159486,0.431477864813651,0.412909786560104,2.10430301662962,0.02,1.23860640159486,6193.0320079743,FALSE,8,0.2,0.6,"Dasymetric_Binomial"
"covariate_x_1_prop",-0.000326535204009156,0.100282209856337,-0.193844643603201,0.199577111025518,0.03,-0.0303265352040092,-101.088450680031,TRUE,9,0.2,0.6,"ABRM_Binomial"
"covariate_x_2_prop",-0.00146934325611393,0.0993618296204421,-0.193594050101725,0.189844981649573,-0.01,0.00853065674388607,-85.3065674388607,TRUE,9,0.2,0.6,"ABRM_Binomial"
"covariate_x_3_prop",-0.00218421537454428,0.10022870478463,-0.196927342807409,0.196543212756544,0.06,-0.0621842153745443,-103.640358957574,TRUE,9,0.2,0.6,"ABRM_Binomial"
"covariate_y_1_prop",0.078507151352737,0.0885938833965601,-0.096449265178004,0.248399979586888,0.04,0.038507151352737,96.2678783818425,TRUE,9,0.2,0.6,"ABRM_Binomial"
"covariate_y_2_prop",0.0330300767150958,0.0946219592960779,-0.150935694601427,0.222383026062128,0.01,0.0230300767150958,230.300767150958,TRUE,9,0.2,0.6,"ABRM_Binomial"
"covariate_y_3_prop",0.0915362961612815,0.0879225864079767,-0.0834323001524553,0.266309844630448,-0.05,0.141536296161282,-283.072592322563,TRUE,9,0.2,0.6,"ABRM_Binomial"
"covariate_y_4_prop",0.0656439721246032,0.0890768221338739,-0.106593158959261,0.243105808469466,0.02,0.0456439721246032,228.219860623016,TRUE,9,0.2,0.6,"ABRM_Binomial"
"covariate_x_1_prop",-1.59339171833114,0.444762605750832,-2.46512642560277,-0.72165701105951,0.03,-1.62339171833114,-5411.30572777047,FALSE,9,0.2,0.6,"Dasymetric_Binomial"
"covariate_x_2_prop",0.0167230842514204,0.436920145813805,-0.839640401543638,0.873086570046478,-0.01,0.0267230842514204,-267.230842514204,TRUE,9,0.2,0.6,"Dasymetric_Binomial"
"covariate_x_3_prop",-0.386580656579266,0.200748696219432,-0.780048101169352,0.00688678801082004,0.06,-0.446580656579266,-744.301094298776,FALSE,9,0.2,0.6,"Dasymetric_Binomial"
"covariate_y_1_prop",2.01988760308318,0.312441742735315,1.40750178732196,2.6322734188444,0.04,1.97988760308318,4949.71900770795,FALSE,9,0.2,0.6,"Dasymetric_Binomial"
"covariate_y_2_prop",-0.185006308657098,0.477638621173341,-1.12117800615685,0.75116538884265,0.01,-0.195006308657098,-1950.06308657098,TRUE,9,0.2,0.6,"Dasymetric_Binomial"
"covariate_y_3_prop",2.42105779142195,0.393386110280948,1.65002101527129,3.1920945675726,-0.05,2.47105779142195,-4942.11558284389,FALSE,9,0.2,0.6,"Dasymetric_Binomial"
"covariate_y_4_prop",-2.25495787253471,0.308297372090203,-2.85922072183151,-1.65069502323792,0.02,-2.27495787253471,-11374.7893626736,FALSE,9,0.2,0.6,"Dasymetric_Binomial"
"covariate_x_1_prop",-0.0010282543648812,0.0996382588234962,-0.192757487671982,0.199312524620173,0.03,-0.0310282543648812,-103.427514549604,TRUE,10,0.2,0.6,"ABRM_Binomial"
"covariate_x_2_prop",0.00192194795221803,0.10001692974719,-0.194464122439266,0.19892854215641,-0.01,0.011921947952218,-119.21947952218,TRUE,10,0.2,0.6,"ABRM_Binomial"
"covariate_x_3_prop",-0.000659656665967472,0.0989061676779623,-0.19218678336142,0.194051692896822,0.06,-0.0606596566659675,-101.099427776612,TRUE,10,0.2,0.6,"ABRM_Binomial"
"covariate_y_1_prop",0.0553881972822137,0.0900158843782547,-0.122787028524017,0.230557601563432,0.04,0.0153881972822137,38.4704932055341,TRUE,10,0.2,0.6,"ABRM_Binomial"
"covariate_y_2_prop",-0.00474053913581677,0.0928662824785009,-0.186216526798313,0.17836602748313,0.01,-0.0147405391358168,-147.405391358168,TRUE,10,0.2,0.6,"ABRM_Binomial"
"covariate_y_3_prop",0.0196019297237912,0.090876183307668,-0.154633622403198,0.195923497743953,-0.05,0.0696019297237912,-139.203859447582,TRUE,10,0.2,0.6,"ABRM_Binomial"
"covariate_y_4_prop",0.0453677953772436,0.0895760680044576,-0.133220087560114,0.222381829195171,0.02,0.0253677953772436,126.838976886218,TRUE,10,0.2,0.6,"ABRM_Binomial"
"covariate_x_1_prop",0.804867880979703,0.318130379274884,0.18133233760093,1.42840342435848,0.03,0.774867880979703,2582.89293659901,FALSE,10,0.2,0.6,"Dasymetric_Binomial"
"covariate_x_2_prop",-0.197229182213301,0.310364826573756,-0.805544242297863,0.411085877871261,-0.01,-0.187229182213301,1872.29182213301,TRUE,10,0.2,0.6,"Dasymetric_Binomial"
"covariate_x_3_prop",-0.0843004841381219,0.280561800544392,-0.63420161320513,0.465600644928886,0.06,-0.144300484138122,-240.50080689687,TRUE,10,0.2,0.6,"Dasymetric_Binomial"
"covariate_y_1_prop",-0.488290306897662,0.265782088886546,-1.00922320111529,0.0326425873199684,0.04,-0.528290306897662,-1320.72576724416,FALSE,10,0.2,0.6,"Dasymetric_Binomial"
"covariate_y_2_prop",-1.53566731902028,0.426564913317699,-2.37173454912297,-0.699600088917587,0.01,-1.54566731902028,-15456.6731902028,FALSE,10,0.2,0.6,"Dasymetric_Binomial"
"covariate_y_3_prop",4.71706868142272,0.404832845988887,3.9235963032845,5.51054105956093,-0.05,4.76706868142272,-9534.13736284543,FALSE,10,0.2,0.6,"Dasymetric_Binomial"
"covariate_y_4_prop",-1.42065233169377,0.38376297600233,-2.17282776465833,-0.668476898729202,0.02,-1.44065233169377,-7203.26165846884,FALSE,10,0.2,0.6,"Dasymetric_Binomial"
"covariate_x_1_prop",-0.000784117461530881,0.103120605761055,-0.204755473819729,0.203162866577797,0.03,-0.0307841174615309,-102.61372487177,TRUE,1,0.6,0.2,"ABRM_Binomial"
"covariate_x_2_prop",0.000597726365581318,0.100072058774519,-0.196915620995073,0.193959416965679,-0.01,0.0105977263655813,-105.977263655813,TRUE,1,0.6,0.2,"ABRM_Binomial"
"covariate_x_3_prop",0.000377282199106423,0.0993641165060936,-0.190254123200969,0.196281262805821,0.06,-0.0596227178008936,-99.3711963348226,TRUE,1,0.6,0.2,"ABRM_Binomial"
"covariate_y_1_prop",0.0205520791541162,0.0939540756712035,-0.163526649375131,0.204858389823634,0.04,-0.0194479208458838,-48.6198021147094,TRUE,1,0.6,0.2,"ABRM_Binomial"
"covariate_y_2_prop",-0.0135161750892007,0.0995706858735981,-0.209372334566491,0.180465235306378,0.01,-0.0235161750892007,-235.161750892007,TRUE,1,0.6,0.2,"ABRM_Binomial"
"covariate_y_3_prop",-0.0136970325744812,0.0977812235161776,-0.205394032945447,0.177113734311433,-0.05,0.0363029674255188,-72.6059348510375,TRUE,1,0.6,0.2,"ABRM_Binomial"
"covariate_y_4_prop",0.008109681117143,0.0920589514917105,-0.17281447170138,0.183726355138676,0.02,-0.011890318882857,-59.451594414285,TRUE,1,0.6,0.2,"ABRM_Binomial"
"covariate_x_1_prop",-0.734911486598369,0.281535948232143,-1.28672194513337,-0.183101028063368,0.03,-0.764911486598369,-2549.7049553279,FALSE,1,0.6,0.2,"Dasymetric_Binomial"
"covariate_x_2_prop",0.163024484222158,0.28005599159893,-0.385885259311745,0.71193422775606,-0.01,0.173024484222158,-1730.24484222158,TRUE,1,0.6,0.2,"Dasymetric_Binomial"
"covariate_x_3_prop",0.937122634121662,0.290752784301501,0.36724717689072,1.5069980913526,0.06,0.877122634121662,1461.87105686944,FALSE,1,0.6,0.2,"Dasymetric_Binomial"
"covariate_y_1_prop",-0.930765238151859,0.253736392485512,-1.42808856742346,-0.433441908880257,0.04,-0.970765238151859,-2426.91309537965,FALSE,1,0.6,0.2,"Dasymetric_Binomial"
"covariate_y_2_prop",-0.768129684918733,0.272718996104102,-1.30265891728277,-0.233600452554694,0.01,-0.778129684918733,-7781.29684918733,FALSE,1,0.6,0.2,"Dasymetric_Binomial"
"covariate_y_3_prop",-0.063058394500477,0.22943932229824,-0.512759466205028,0.386642677204074,-0.05,-0.013058394500477,26.1167890009539,TRUE,1,0.6,0.2,"Dasymetric_Binomial"
"covariate_y_4_prop",0.270675780869538,0.277916641161708,-0.274040835807411,0.815392397546486,0.02,0.250675780869538,1253.37890434769,TRUE,1,0.6,0.2,"Dasymetric_Binomial"
"covariate_x_1_prop",-0.00218556275475917,0.10144070326547,-0.200313633544507,0.196007119651797,0.03,-0.0321855627547592,-107.285209182531,TRUE,2,0.6,0.2,"ABRM_Binomial"
"covariate_x_2_prop",-0.0023405318711111,0.100974575227452,-0.19653083592701,0.197161125553251,-0.01,0.0076594681288889,-76.594681288889,TRUE,2,0.6,0.2,"ABRM_Binomial"
"covariate_x_3_prop",-0.00518875034184265,0.103668475401195,-0.203779723729806,0.201676889188322,0.06,-0.0651887503418427,-108.647917236404,TRUE,2,0.6,0.2,"ABRM_Binomial"
"covariate_y_1_prop",0.0259148711160654,0.0972031665109532,-0.163944776980637,0.217670575353544,0.04,-0.0140851288839346,-35.2128222098365,TRUE,2,0.6,0.2,"ABRM_Binomial"
"covariate_y_2_prop",0.0128360513451536,0.0961758049994961,-0.174381169960187,0.204191880563968,0.01,0.00283605134515363,28.3605134515363,TRUE,2,0.6,0.2,"ABRM_Binomial"
"covariate_y_3_prop",0.00947395430187801,0.0988541304517833,-0.185836839341547,0.200822592517339,-0.05,0.059473954301878,-118.947908603756,TRUE,2,0.6,0.2,"ABRM_Binomial"
"covariate_y_4_prop",0.0107962659594248,0.0964820545540991,-0.17901746400369,0.199239400116361,0.02,-0.00920373404057516,-46.0186702028758,TRUE,2,0.6,0.2,"ABRM_Binomial"
"covariate_x_1_prop",2.3563859016766,0.385330844532084,1.60113744639372,3.11163435695949,0.03,2.3263859016766,7754.61967225534,FALSE,2,0.6,0.2,"Dasymetric_Binomial"
"covariate_x_2_prop",0.366723000877167,0.514080256078959,-0.640874301037592,1.37432030279193,-0.01,0.376723000877167,-3767.23000877167,TRUE,2,0.6,0.2,"Dasymetric_Binomial"
"covariate_x_3_prop",-2.54616764564262,0.412893652008358,-3.355439203579,-1.73689608770624,0.06,-2.60616764564262,-4343.6127427377,FALSE,2,0.6,0.2,"Dasymetric_Binomial"
"covariate_y_1_prop",-0.770572149800177,0.316875054552056,-1.39164725672221,-0.149497042878146,0.04,-0.810572149800177,-2026.43037450044,FALSE,2,0.6,0.2,"Dasymetric_Binomial"
"covariate_y_2_prop",0.0586793221979202,0.386115744437014,-0.698107536898627,0.815466181294467,0.01,0.0486793221979202,486.793221979202,TRUE,2,0.6,0.2,"Dasymetric_Binomial"
"covariate_y_3_prop",-1.61658491598614,0.313026169741337,-2.23011620867917,-1.00305362329312,-0.05,-1.56658491598614,3133.16983197229,FALSE,2,0.6,0.2,"Dasymetric_Binomial"
"covariate_y_4_prop",0.730918633365196,0.301331976034337,0.140307960337896,1.3215293063925,0.02,0.710918633365196,3554.59316682598,FALSE,2,0.6,0.2,"Dasymetric_Binomial"
"covariate_x_1_prop",0.00361723464492445,0.0995358765321474,-0.19069013492976,0.198481967631385,0.03,-0.0263827653550755,-87.9425511835852,TRUE,3,0.6,0.2,"ABRM_Binomial"
"covariate_x_2_prop",0.000866312638729897,0.0998411171899662,-0.196199901450647,0.198899432744608,-0.01,0.0108663126387299,-108.663126387299,TRUE,3,0.6,0.2,"ABRM_Binomial"
"covariate_x_3_prop",-0.00351656645607176,0.100216774563712,-0.200386166727885,0.191270092307858,0.06,-0.0635165664560718,-105.860944093453,TRUE,3,0.6,0.2,"ABRM_Binomial"
"covariate_y_1_prop",-0.0432496808435994,0.093464367821495,-0.22704383055165,0.141004266694607,0.04,-0.0832496808435994,-208.124202108999,TRUE,3,0.6,0.2,"ABRM_Binomial"
"covariate_y_2_prop",-0.076242953750133,0.0929911438737925,-0.259751253675631,0.108375414335367,0.01,-0.086242953750133,-862.42953750133,TRUE,3,0.6,0.2,"ABRM_Binomial"
"covariate_y_3_prop",-0.0664886145847201,0.089213583171398,-0.241826376822585,0.110745663243139,-0.05,-0.0164886145847201,32.9772291694402,TRUE,3,0.6,0.2,"ABRM_Binomial"
"covariate_y_4_prop",-0.0448187028433298,0.0982101064688866,-0.236917081125221,0.150790154405184,0.02,-0.0648187028433298,-324.093514216649,TRUE,3,0.6,0.2,"ABRM_Binomial"
"covariate_x_1_prop",-0.382646371823324,0.236477355442998,-0.8461419884916,0.0808492448449514,0.03,-0.412646371823324,-1375.48790607775,TRUE,3,0.6,0.2,"Dasymetric_Binomial"
"covariate_x_2_prop",-0.56120750491709,0.313242559424638,-1.17516292138938,0.0527479115551999,-0.01,-0.55120750491709,5512.0750491709,TRUE,3,0.6,0.2,"Dasymetric_Binomial"
"covariate_x_3_prop",1.61887460705391,0.213355153020313,1.2006985071341,2.03705070697373,0.06,1.55887460705391,2598.12434508986,FALSE,3,0.6,0.2,"Dasymetric_Binomial"
"covariate_y_1_prop",0.68856272241484,0.257190642724305,0.184469062675202,1.19265638215448,0.04,0.64856272241484,1621.4068060371,FALSE,3,0.6,0.2,"Dasymetric_Binomial"
"covariate_y_2_prop",0.0695452688296658,0.305091368734385,-0.52843381388973,0.667524351549061,0.01,0.0595452688296658,595.452688296658,TRUE,3,0.6,0.2,"Dasymetric_Binomial"
"covariate_y_3_prop",-0.0672037501724945,0.251589943320737,-0.560320039081139,0.42591253873615,-0.05,-0.0172037501724945,34.407500344989,TRUE,3,0.6,0.2,"Dasymetric_Binomial"
"covariate_y_4_prop",-2.55889871403955,0.29576018120787,-3.13858866920698,-1.97920875887212,0.02,-2.57889871403955,-12894.4935701978,FALSE,3,0.6,0.2,"Dasymetric_Binomial"
"covariate_x_1_prop",0.000905672530613308,0.101047939028772,-0.200306956919993,0.197128643719059,0.03,-0.0290943274693867,-96.9810915646223,TRUE,4,0.6,0.2,"ABRM_Binomial"
"covariate_x_2_prop",-0.00133529512974994,0.100086761206032,-0.195755773235738,0.193457287492805,-0.01,0.00866470487025006,-86.6470487025006,TRUE,4,0.6,0.2,"ABRM_Binomial"
"covariate_x_3_prop",-0.00109352706743431,0.0996405516106979,-0.192089332662006,0.193849282541674,0.06,-0.0610935270674343,-101.822545112391,TRUE,4,0.6,0.2,"ABRM_Binomial"
"covariate_y_1_prop",-0.0235062912703349,0.0935619512983256,-0.206093422194801,0.162206909726892,0.04,-0.0635062912703349,-158.765728175837,TRUE,4,0.6,0.2,"ABRM_Binomial"
"covariate_y_2_prop",0.0102736857730113,0.0908037866266937,-0.163868304060317,0.186402902525779,0.01,0.000273685773011293,2.73685773011293,TRUE,4,0.6,0.2,"ABRM_Binomial"
"covariate_y_3_prop",-0.0130655424689537,0.0949584161082045,-0.201656677400232,0.169663205624526,-0.05,0.0369344575310463,-73.8689150620926,TRUE,4,0.6,0.2,"ABRM_Binomial"
"covariate_y_4_prop",0.00971071579110928,0.0986825764690667,-0.189229482892946,0.198743327807914,0.02,-0.0102892842088907,-51.4464210444536,TRUE,4,0.6,0.2,"ABRM_Binomial"
"covariate_x_1_prop",-1.53412280886503,0.270017523165254,-2.06335715426893,-1.00488846346113,0.03,-1.56412280886503,-5213.74269621677,FALSE,4,0.6,0.2,"Dasymetric_Binomial"
"covariate_x_2_prop",2.26034479718233,0.304989612323947,1.66256515702739,2.85812443733727,-0.01,2.27034479718233,-22703.4479718233,FALSE,4,0.6,0.2,"Dasymetric_Binomial"
"covariate_x_3_prop",-0.284939272148205,0.33255490410144,-0.936746884187026,0.366868339890617,0.06,-0.344939272148205,-574.898786913675,TRUE,4,0.6,0.2,"Dasymetric_Binomial"
"covariate_y_1_prop",-1.19107760423111,0.314795400936197,-1.80807659006606,-0.574078618396167,0.04,-1.23107760423111,-3077.69401057778,FALSE,4,0.6,0.2,"Dasymetric_Binomial"
"covariate_y_2_prop",0.497876291965779,0.250381392217389,0.00712876321969758,0.988623820711861,0.01,0.487876291965779,4878.76291965779,TRUE,4,0.6,0.2,"Dasymetric_Binomial"
"covariate_y_3_prop",1.03815312838563,0.321145716459971,0.40870752412409,1.66759873264718,-0.05,1.08815312838563,-2176.30625677127,FALSE,4,0.6,0.2,"Dasymetric_Binomial"
"covariate_y_4_prop",0.349577822218091,0.30118383611971,-0.24074249657654,0.939898141012722,0.02,0.329577822218091,1647.88911109046,TRUE,4,0.6,0.2,"Dasymetric_Binomial"
"covariate_x_1_prop",-0.000466852646326452,0.100576609250886,-0.196118920323835,0.199927657724832,0.03,-0.0304668526463264,-101.556175487755,TRUE,5,0.6,0.2,"ABRM_Binomial"
"covariate_x_2_prop",-0.000973177594137325,0.102035144893736,-0.197662539435032,0.201499373176212,-0.01,0.00902682240586268,-90.2682240586268,TRUE,5,0.6,0.2,"ABRM_Binomial"
"covariate_x_3_prop",0.00119604659434314,0.0995275511237579,-0.189583444286861,0.195449909503088,0.06,-0.0588039534056569,-98.0065890094281,TRUE,5,0.6,0.2,"ABRM_Binomial"
"covariate_y_1_prop",-0.016742199638354,0.0986055206360425,-0.21059933725471,0.175045172848865,0.04,-0.056742199638354,-141.855499095885,TRUE,5,0.6,0.2,"ABRM_Binomial"
"covariate_y_2_prop",-0.00833755705051988,0.0989220060558971,-0.203788928007185,0.184955000362515,0.01,-0.0183375570505199,-183.375570505199,TRUE,5,0.6,0.2,"ABRM_Binomial"
"covariate_y_3_prop",-0.0234874566947875,0.0956525957295319,-0.211231452760811,0.165332568234907,-0.05,0.0265125433052125,-53.025086610425,TRUE,5,0.6,0.2,"ABRM_Binomial"
"covariate_y_4_prop",-0.0207354148470571,0.097720231537419,-0.21252670610188,0.170138121854711,0.02,-0.0407354148470571,-203.677074235286,TRUE,5,0.6,0.2,"ABRM_Binomial"
"covariate_x_1_prop",-1.67310799159076,0.335721215428528,-2.33112157383067,-1.01509440935085,0.03,-1.70310799159076,-5677.02663863587,FALSE,5,0.6,0.2,"Dasymetric_Binomial"
"covariate_x_2_prop",0.536534733271958,0.490890723721169,-0.425611085221533,1.49868055176545,-0.01,0.546534733271958,-5465.34733271958,TRUE,5,0.6,0.2,"Dasymetric_Binomial"
"covariate_x_3_prop",-0.930365439156072,0.335475601975961,-1.58789761902896,-0.272833259283188,0.06,-0.990365439156072,-1650.60906526012,FALSE,5,0.6,0.2,"Dasymetric_Binomial"
"covariate_y_1_prop",1.2290636834353,0.292849138692002,0.655079371598977,1.80304799527162,0.04,1.1890636834353,2972.65920858825,FALSE,5,0.6,0.2,"Dasymetric_Binomial"
"covariate_y_2_prop",-2.45590504668506,0.403509795207944,-3.24678424529263,-1.66502584807749,0.01,-2.46590504668506,-24659.0504668506,FALSE,5,0.6,0.2,"Dasymetric_Binomial"
"covariate_y_3_prop",-0.481989450835915,0.230423198878932,-0.93361892063862,-0.0303599810332088,-0.05,-0.431989450835915,863.978901671829,TRUE,5,0.6,0.2,"Dasymetric_Binomial"
"covariate_y_4_prop",0.398475511610048,0.256459746625156,-0.104185591775257,0.901136614995353,0.02,0.378475511610048,1892.37755805024,TRUE,5,0.6,0.2,"Dasymetric_Binomial"
"covariate_x_1_prop",-0.00139054900696136,0.0994760103815554,-0.197443575760991,0.193269896427088,0.03,-0.0313905490069614,-104.635163356538,TRUE,6,0.6,0.2,"ABRM_Binomial"
"covariate_x_2_prop",-0.0017193092082963,0.0986394835982018,-0.191299210537899,0.187817078173792,-0.01,0.0082806907917037,-82.806907917037,TRUE,6,0.6,0.2,"ABRM_Binomial"
"covariate_x_3_prop",-0.0012506429145703,0.100575674942027,-0.20142569129477,0.194581085958755,0.06,-0.0612506429145703,-102.084404857617,TRUE,6,0.6,0.2,"ABRM_Binomial"
"covariate_y_1_prop",0.0468476203383405,0.0894454334231632,-0.129343815879883,0.22335297773649,0.04,0.00684762033834051,17.1190508458513,TRUE,6,0.6,0.2,"ABRM_Binomial"
"covariate_y_2_prop",0.0177481790987305,0.0935965520340588,-0.168178958861142,0.200711408853806,0.01,0.00774817909873052,77.4817909873052,TRUE,6,0.6,0.2,"ABRM_Binomial"
"covariate_y_3_prop",0.0252395647789419,0.087166261019329,-0.144409047334806,0.194065820664956,-0.05,0.075239564778942,-150.479129557884,TRUE,6,0.6,0.2,"ABRM_Binomial"
"covariate_y_4_prop",0.0365653472167007,0.0967705556501235,-0.153512136667219,0.226053242036286,0.02,0.0165653472167007,82.8267360835035,TRUE,6,0.6,0.2,"ABRM_Binomial"
"covariate_x_1_prop",0.331540657363402,0.267421529018126,-0.192605539512124,0.855686854238928,0.03,0.301540657363402,1005.13552454467,TRUE,6,0.6,0.2,"Dasymetric_Binomial"
"covariate_x_2_prop",2.07911182397039,0.501610786535724,1.09595468236037,3.06226896558041,-0.01,2.08911182397039,-20891.1182397039,FALSE,6,0.6,0.2,"Dasymetric_Binomial"
"covariate_x_3_prop",-0.265814870495982,0.407920489371622,-1.06533902966436,0.533709288672397,0.06,-0.325814870495982,-543.02478415997,TRUE,6,0.6,0.2,"Dasymetric_Binomial"
"covariate_y_1_prop",-0.447638724636976,0.226657277945338,-0.891886989409839,-0.00339045986411307,0.04,-0.487638724636976,-1219.09681159244,FALSE,6,0.6,0.2,"Dasymetric_Binomial"
"covariate_y_2_prop",0.771611718327726,0.382529088732752,0.0218547044115309,1.52136873224392,0.01,0.761611718327726,7616.11718327726,FALSE,6,0.6,0.2,"Dasymetric_Binomial"
"covariate_y_3_prop",-0.61348320191853,0.282090604496754,-1.16638078673217,-0.0605856171048923,-0.05,-0.56348320191853,1126.96640383706,FALSE,6,0.6,0.2,"Dasymetric_Binomial"
"covariate_y_4_prop",-0.0122621367750161,0.206090378321094,-0.41619927828436,0.391675004734328,0.02,-0.0322621367750161,-161.31068387508,TRUE,6,0.6,0.2,"Dasymetric_Binomial"
"covariate_x_1_prop",-0.0040723791330673,0.0995639809056885,-0.200083800417058,0.190445389343167,0.03,-0.0340723791330673,-113.574597110224,TRUE,7,0.6,0.2,"ABRM_Binomial"
"covariate_x_2_prop",-0.000109276202822662,0.100293840072555,-0.199015601284501,0.194679014733878,-0.01,0.00989072379717734,-98.9072379717734,TRUE,7,0.6,0.2,"ABRM_Binomial"
"covariate_x_3_prop",-0.00192809881886249,0.100307831215582,-0.19921700907401,0.195469720505463,0.06,-0.0619280988188625,-103.213498031437,TRUE,7,0.6,0.2,"ABRM_Binomial"
"covariate_y_1_prop",-0.020790711170477,0.0971182120263686,-0.210561242964191,0.167991134784222,0.04,-0.060790711170477,-151.976777926192,TRUE,7,0.6,0.2,"ABRM_Binomial"
"covariate_y_2_prop",-0.019244181744734,0.0975259407548193,-0.212457182572668,0.169272490797408,0.01,-0.029244181744734,-292.44181744734,TRUE,7,0.6,0.2,"ABRM_Binomial"
"covariate_y_3_prop",-0.0201105370796228,0.0977075835348827,-0.213920297747328,0.172477023682939,-0.05,0.0298894629203772,-59.7789258407545,TRUE,7,0.6,0.2,"ABRM_Binomial"
"covariate_y_4_prop",-0.0184267604254451,0.0960817860668628,-0.211321928151796,0.168276293698295,0.02,-0.0384267604254451,-192.133802127225,TRUE,7,0.6,0.2,"ABRM_Binomial"
"covariate_x_1_prop",0.992072836544879,0.341211047115945,0.323299184197627,1.66084648889213,0.03,0.962072836544879,3206.9094551496,FALSE,7,0.6,0.2,"Dasymetric_Binomial"
"covariate_x_2_prop",1.34624064681997,0.380494513519648,0.600471400321458,2.09200989331848,-0.01,1.35624064681997,-13562.4064681997,FALSE,7,0.6,0.2,"Dasymetric_Binomial"
"covariate_x_3_prop",-0.88153917341687,0.297325168942036,-1.46429650454326,-0.298781842290479,0.06,-0.94153917341687,-1569.23195569478,FALSE,7,0.6,0.2,"Dasymetric_Binomial"
"covariate_y_1_prop",1.70705946064507,0.269593449329387,1.17865629995947,2.23546262133067,0.04,1.66705946064507,4167.64865161267,FALSE,7,0.6,0.2,"Dasymetric_Binomial"
"covariate_y_2_prop",1.24889029117502,0.29842045148128,0.66398620627171,1.83379437607833,0.01,1.23889029117502,12388.9029117502,FALSE,7,0.6,0.2,"Dasymetric_Binomial"
"covariate_y_3_prop",-1.42456748017848,0.454657504005037,-2.31569618802835,-0.533438772328604,-0.05,-1.37456748017848,2749.13496035695,FALSE,7,0.6,0.2,"Dasymetric_Binomial"
"covariate_y_4_prop",1.23929979224409,0.33944791942776,0.573981870165679,1.9046177143225,0.02,1.21929979224409,6096.49896122044,FALSE,7,0.6,0.2,"Dasymetric_Binomial"
"covariate_x_1_prop",-0.000189240468125937,0.0988480837798905,-0.197213451093278,0.191888832349076,0.03,-0.0301892404681259,-100.63080156042,TRUE,8,0.6,0.2,"ABRM_Binomial"
"covariate_x_2_prop",-0.00064654725013088,0.0996238293769655,-0.193315480550041,0.195623385785579,-0.01,0.00935345274986912,-93.5345274986912,TRUE,8,0.6,0.2,"ABRM_Binomial"
"covariate_x_3_prop",-0.00401097573056211,0.099980781354723,-0.199016940671733,0.190941440531453,0.06,-0.0640109757305621,-106.684959550937,TRUE,8,0.6,0.2,"ABRM_Binomial"
"covariate_y_1_prop",0.0470170000886594,0.0771704543816791,-0.103226932943615,0.199597966398559,0.04,0.00701700008865936,17.5425002216484,TRUE,8,0.6,0.2,"ABRM_Binomial"
"covariate_y_2_prop",0.0102506452778848,0.0770093019644702,-0.140920789719996,0.16348655276889,0.01,0.000250645277884817,2.50645277884817,TRUE,8,0.6,0.2,"ABRM_Binomial"
"covariate_y_3_prop",0.00414021967405574,0.0956614530774433,-0.183086620058258,0.187410955004327,-0.05,0.0541402196740557,-108.280439348111,TRUE,8,0.6,0.2,"ABRM_Binomial"
"covariate_y_4_prop",0.0071703420484328,0.0828669535716188,-0.155348527275532,0.174416143008254,0.02,-0.0128296579515672,-64.148289757836,TRUE,8,0.6,0.2,"ABRM_Binomial"
"covariate_x_1_prop",0.376037762277349,0.327027693516632,-0.264936517015249,1.01701204156995,0.03,0.346037762277349,1153.45920759116,TRUE,8,0.6,0.2,"Dasymetric_Binomial"
"covariate_x_2_prop",-0.991786840448164,0.363490016942255,-1.70422727365498,-0.279346407241345,-0.01,-0.981786840448164,9817.86840448164,FALSE,8,0.6,0.2,"Dasymetric_Binomial"
"covariate_x_3_prop",-0.969639132386031,0.401275304983098,-1.7561387301529,-0.183139534619158,0.06,-1.02963913238603,-1716.06522064338,FALSE,8,0.6,0.2,"Dasymetric_Binomial"
"covariate_y_1_prop",-1.84453765065716,0.272281419102806,-2.37820923209866,-1.31086606921566,0.04,-1.88453765065716,-4711.34412664289,FALSE,8,0.6,0.2,"Dasymetric_Binomial"
"covariate_y_2_prop",1.10115190542437,0.202477265003906,0.704296466016714,1.49800734483202,0.01,1.09115190542437,10911.5190542437,FALSE,8,0.6,0.2,"Dasymetric_Binomial"
"covariate_y_3_prop",1.63911125796568,0.291696040265538,1.06738701904523,2.21083549688614,-0.05,1.68911125796568,-3378.22251593137,FALSE,8,0.6,0.2,"Dasymetric_Binomial"
"covariate_y_4_prop",0.0197563436963163,0.267803285447722,-0.50513809578122,0.544650783173852,0.02,-0.000243656303683708,-1.21828151841854,TRUE,8,0.6,0.2,"Dasymetric_Binomial"
"covariate_x_1_prop",0.00258875959847451,0.098157762914903,-0.189126802782264,0.193966506440134,0.03,-0.0274112404015255,-91.3708013384183,TRUE,9,0.6,0.2,"ABRM_Binomial"
"covariate_x_2_prop",0.0015429605982832,0.0991166684448965,-0.19361239809726,0.196004475215439,-0.01,0.0115429605982832,-115.429605982832,TRUE,9,0.6,0.2,"ABRM_Binomial"
"covariate_x_3_prop",0.000769316907645533,0.100525180436184,-0.191629227973526,0.199224235577943,0.06,-0.0592306830923545,-98.7178051539241,TRUE,9,0.6,0.2,"ABRM_Binomial"
"covariate_y_1_prop",0.106572620764471,0.0893221649820675,-0.0708617256353355,0.278213850246073,0.04,0.0665726207644715,166.431551911179,TRUE,9,0.6,0.2,"ABRM_Binomial"
"covariate_y_2_prop",0.0814464145801798,0.0842653768939634,-0.0820596302271391,0.248635148480368,0.01,0.0714464145801798,714.464145801798,TRUE,9,0.6,0.2,"ABRM_Binomial"
"covariate_y_3_prop",0.0352967215752973,0.0931373507401295,-0.148360187702925,0.217705669485463,-0.05,0.0852967215752973,-170.593443150595,TRUE,9,0.6,0.2,"ABRM_Binomial"
"covariate_y_4_prop",0.0545527287746476,0.095746725906983,-0.129729530758203,0.246410417081572,0.02,0.0345527287746476,172.763643873238,TRUE,9,0.6,0.2,"ABRM_Binomial"
"covariate_x_1_prop",1.55074425497757,0.239991331972949,1.08036124431059,2.02112726564455,0.03,1.52074425497757,5069.14751659191,FALSE,9,0.6,0.2,"Dasymetric_Binomial"
"covariate_x_2_prop",-0.407444326815965,0.309085730392538,-1.01325235838534,0.19836370475341,-0.01,-0.397444326815965,3974.44326815965,TRUE,9,0.6,0.2,"Dasymetric_Binomial"
"covariate_x_3_prop",-1.09677837789758,0.309145226231972,-1.70270302131225,-0.490853734482919,0.06,-1.15677837789758,-1927.96396316264,FALSE,9,0.6,0.2,"Dasymetric_Binomial"
"covariate_y_1_prop",-2.87627256431425,0.268380756846288,-3.40229884773297,-2.35024628089552,0.04,-2.91627256431425,-7290.68141078562,FALSE,9,0.6,0.2,"Dasymetric_Binomial"
"covariate_y_2_prop",1.81522280647655,0.272807590268527,1.28051992955023,2.34992568340286,0.01,1.80522280647655,18052.2280647655,FALSE,9,0.6,0.2,"Dasymetric_Binomial"
"covariate_y_3_prop",-0.820411195697195,0.228694147308563,-1.26865172442198,-0.372170666972411,-0.05,-0.770411195697195,1540.82239139439,FALSE,9,0.6,0.2,"Dasymetric_Binomial"
"covariate_y_4_prop",2.31236101886399,0.352841081337052,1.62079249944337,3.00392953828461,0.02,2.29236101886399,11461.8050943199,FALSE,9,0.6,0.2,"Dasymetric_Binomial"
"covariate_x_1_prop",0.00123001835073228,0.0994113387218583,-0.191090806045174,0.188951211261378,0.03,-0.0287699816492677,-95.8999388308924,TRUE,10,0.6,0.2,"ABRM_Binomial"
"covariate_x_2_prop",0.000820635854524467,0.0988820560895209,-0.197002744170778,0.196704695131504,-0.01,0.0108206358545245,-108.206358545245,TRUE,10,0.6,0.2,"ABRM_Binomial"
"covariate_x_3_prop",0.0013842587986589,0.0997520409831089,-0.193452163567791,0.193106040334499,0.06,-0.0586157412013411,-97.6929020022352,TRUE,10,0.6,0.2,"ABRM_Binomial"
"covariate_y_1_prop",0.0351126621812799,0.086919678503757,-0.131883748124698,0.204643727784042,0.04,-0.00488733781872008,-12.2183445468002,TRUE,10,0.6,0.2,"ABRM_Binomial"
"covariate_y_2_prop",0.0305602234473281,0.0950843648349065,-0.156968686847477,0.220057252567041,0.01,0.0205602234473281,205.602234473281,TRUE,10,0.6,0.2,"ABRM_Binomial"
"covariate_y_3_prop",0.091108809695389,0.0829917108279528,-0.0709964714119564,0.254178912440388,-0.05,0.141108809695389,-282.217619390778,TRUE,10,0.6,0.2,"ABRM_Binomial"
"covariate_y_4_prop",0.0564491582213406,0.090222216702877,-0.126799623576976,0.229898235210356,0.02,0.0364491582213406,182.245791106703,TRUE,10,0.6,0.2,"ABRM_Binomial"
"covariate_x_1_prop",-1.22617100014293,0.295737026564329,-1.80581557220902,-0.646526428076849,0.03,-1.25617100014293,-4187.23666714312,FALSE,10,0.6,0.2,"Dasymetric_Binomial"
"covariate_x_2_prop",-0.527803553208978,0.270301212294054,-1.05759392930532,0.00198682288736762,-0.01,-0.517803553208978,5178.03553208978,TRUE,10,0.6,0.2,"Dasymetric_Binomial"
"covariate_x_3_prop",1.8691098144197,0.274252777247591,1.33157437101443,2.40664525782498,0.06,1.8091098144197,3015.18302403284,FALSE,10,0.6,0.2,"Dasymetric_Binomial"
"covariate_y_1_prop",0.55056077879655,0.372196939917851,-0.178945223442437,1.28006678103554,0.04,0.51056077879655,1276.40194699138,TRUE,10,0.6,0.2,"Dasymetric_Binomial"
"covariate_y_2_prop",0.42523127173485,0.236715373787238,-0.0387308608881372,0.889193404357836,0.01,0.41523127173485,4152.3127173485,TRUE,10,0.6,0.2,"Dasymetric_Binomial"
"covariate_y_3_prop",1.64201058040764,0.234576097538437,1.18224142923231,2.10177973158298,-0.05,1.69201058040764,-3384.02116081529,FALSE,10,0.6,0.2,"Dasymetric_Binomial"
"covariate_y_4_prop",-1.3873779933568,0.255987037342031,-1.88911258654718,-0.885643400166417,0.02,-1.4073779933568,-7036.88996678399,FALSE,10,0.6,0.2,"Dasymetric_Binomial"
"covariate_x_1_prop",0.00128027679185782,0.100126434109318,-0.19541545559405,0.195724995495671,0.03,-0.0287197232081422,-95.7324106938073,TRUE,1,0.6,0.6,"ABRM_Binomial"
"covariate_x_2_prop",-0.00152360711171212,0.100760533924239,-0.200261771946565,0.193125354287216,-0.01,0.00847639288828788,-84.7639288828788,TRUE,1,0.6,0.6,"ABRM_Binomial"
"covariate_x_3_prop",-0.000459049644149404,0.0973560123928267,-0.185933781405896,0.189895394448932,0.06,-0.0604590496441494,-100.765082740249,TRUE,1,0.6,0.6,"ABRM_Binomial"
"covariate_y_1_prop",0.0763087156178393,0.0952816282906088,-0.113662076499217,0.265267429754905,0.04,0.0363087156178393,90.7717890445982,TRUE,1,0.6,0.6,"ABRM_Binomial"
"covariate_y_2_prop",0.0656563264008951,0.0939178738725665,-0.11307737680318,0.254361124824607,0.01,0.0556563264008951,556.563264008951,TRUE,1,0.6,0.6,"ABRM_Binomial"
"covariate_y_3_prop",0.042573117582322,0.0941947052109162,-0.139594123237683,0.226875169802303,-0.05,0.092573117582322,-185.146235164644,TRUE,1,0.6,0.6,"ABRM_Binomial"
"covariate_y_4_prop",0.0638472829029592,0.0915158847015924,-0.112495356172508,0.248763023339578,0.02,0.0438472829029592,219.236414514796,TRUE,1,0.6,0.6,"ABRM_Binomial"
"covariate_x_1_prop",-3.61939945390324,0.272537870652818,-4.15357368038276,-3.08522522742372,0.03,-3.64939945390324,-12164.6648463441,FALSE,1,0.6,0.6,"Dasymetric_Binomial"
"covariate_x_2_prop",1.01973348102189,0.245352703340272,0.538842182474956,1.50062477956882,-0.01,1.02973348102189,-10297.3348102189,FALSE,1,0.6,0.6,"Dasymetric_Binomial"
"covariate_x_3_prop",1.61645822895389,0.309179484524867,1.01046643928515,2.22245001862263,0.06,1.55645822895389,2594.09704825648,FALSE,1,0.6,0.6,"Dasymetric_Binomial"
"covariate_y_1_prop",-1.17137387749289,0.31073755056407,-1.78041947659847,-0.562328278387316,0.04,-1.21137387749289,-3028.43469373223,FALSE,1,0.6,0.6,"Dasymetric_Binomial"
"covariate_y_2_prop",1.06794649163207,0.395783559280844,0.29221071544161,1.84368226782252,0.01,1.05794649163207,10579.4649163207,FALSE,1,0.6,0.6,"Dasymetric_Binomial"
"covariate_y_3_prop",-2.28195635015248,0.448289106036317,-3.16060299798366,-1.40330970232129,-0.05,-2.23195635015248,4463.91270030495,FALSE,1,0.6,0.6,"Dasymetric_Binomial"
"covariate_y_4_prop",1.50931803011112,0.612893554752195,0.308046662796821,2.71058939742542,0.02,1.48931803011112,7446.59015055561,FALSE,1,0.6,0.6,"Dasymetric_Binomial"
"covariate_x_1_prop",0.00147210323743907,0.0988927798889767,-0.191343018572219,0.194789506555644,0.03,-0.0285278967625609,-95.0929892085364,TRUE,2,0.6,0.6,"ABRM_Binomial"
"covariate_x_2_prop",0.000921232010324946,0.0997526285981754,-0.191652890902958,0.19390950975869,-0.01,0.0109212320103249,-109.212320103249,TRUE,2,0.6,0.6,"ABRM_Binomial"
"covariate_x_3_prop",-0.00109218113003782,0.0996536658681069,-0.193418157679466,0.198518425776674,0.06,-0.0610921811300378,-101.820301883396,TRUE,2,0.6,0.6,"ABRM_Binomial"
"covariate_y_1_prop",-0.038776890458505,0.0979558592006293,-0.227740697050697,0.15728722610554,0.04,-0.078776890458505,-196.942226146263,TRUE,2,0.6,0.6,"ABRM_Binomial"
"covariate_y_2_prop",-0.0434358280594239,0.0958512632173174,-0.230366411301584,0.147176312363583,0.01,-0.0534358280594239,-534.358280594239,TRUE,2,0.6,0.6,"ABRM_Binomial"
"covariate_y_3_prop",-0.0394190107476243,0.0955981490772129,-0.225055415744723,0.151227571501438,-0.05,0.0105809892523757,-21.1619785047514,TRUE,2,0.6,0.6,"ABRM_Binomial"
"covariate_y_4_prop",-0.0513469614840056,0.0962058076682064,-0.236703633778393,0.134218042086313,0.02,-0.0713469614840056,-356.734807420028,TRUE,2,0.6,0.6,"ABRM_Binomial"
"covariate_x_1_prop",-0.452277248310143,0.304757229153025,-1.04960141745007,0.145046920829787,0.03,-0.482277248310143,-1607.59082770048,TRUE,2,0.6,0.6,"Dasymetric_Binomial"
"covariate_x_2_prop",-1.17395660852756,0.422170863910886,-2.0014115017929,-0.346501715262223,-0.01,-1.16395660852756,11639.5660852756,FALSE,2,0.6,0.6,"Dasymetric_Binomial"
"covariate_x_3_prop",-0.25623295312592,0.447732126663074,-1.13378792138555,0.621322015133706,0.06,-0.31623295312592,-527.054921876533,TRUE,2,0.6,0.6,"Dasymetric_Binomial"
"covariate_y_1_prop",-1.41651756472141,0.398007260703352,-2.19661179569998,-0.636423333742839,0.04,-1.45651756472141,-3641.29391180352,FALSE,2,0.6,0.6,"Dasymetric_Binomial"
"covariate_y_2_prop",1.55102552190849,0.430712344050946,0.706829327568639,2.39522171624835,0.01,1.54102552190849,15410.2552190849,FALSE,2,0.6,0.6,"Dasymetric_Binomial"
"covariate_y_3_prop",-4.41818423682683,0.437066000257802,-5.27483359733213,-3.56153487632154,-0.05,-4.36818423682683,8736.36847365367,FALSE,2,0.6,0.6,"Dasymetric_Binomial"
"covariate_y_4_prop",0.259010801635551,0.324028228239047,-0.376084525712982,0.894106128984084,0.02,0.239010801635551,1195.05400817776,TRUE,2,0.6,0.6,"Dasymetric_Binomial"
"covariate_x_1_prop",-0.00416695588833524,0.0994160583659022,-0.1980433267521,0.190774524124682,0.03,-0.0341669558883352,-113.889852961117,TRUE,3,0.6,0.6,"ABRM_Binomial"
"covariate_x_2_prop",-0.00372417127213179,0.10175848967608,-0.204274479448023,0.197048936187317,-0.01,0.00627582872786821,-62.7582872786821,TRUE,3,0.6,0.6,"ABRM_Binomial"
"covariate_x_3_prop",5.70788941144492e-05,0.101381779512538,-0.198259833285305,0.195789994687123,0.06,-0.0599429211058855,-99.9048685098092,TRUE,3,0.6,0.6,"ABRM_Binomial"
"covariate_y_1_prop",0.0217725865804567,0.0918807487283087,-0.158013229239597,0.201211734775955,0.04,-0.0182274134195433,-45.5685335488583,TRUE,3,0.6,0.6,"ABRM_Binomial"
"covariate_y_2_prop",0.0141262800923565,0.0978235895042855,-0.179726415062874,0.204685432817695,0.01,0.00412628009235653,41.2628009235653,TRUE,3,0.6,0.6,"ABRM_Binomial"
"covariate_y_3_prop",0.0200937840055211,0.0929462646682744,-0.160114959872368,0.200658907829249,-0.05,0.0700937840055211,-140.187568011042,TRUE,3,0.6,0.6,"ABRM_Binomial"
"covariate_y_4_prop",0.0119614145834469,0.0955626043563955,-0.170903487579399,0.199043146191425,0.02,-0.00803858541655312,-40.1929270827656,TRUE,3,0.6,0.6,"ABRM_Binomial"
"covariate_x_1_prop",0.689518271360013,0.221510951070037,0.255356807262742,1.12367973545729,0.03,0.659518271360013,2198.39423786671,FALSE,3,0.6,0.6,"Dasymetric_Binomial"
"covariate_x_2_prop",0.140512040866228,0.398574814200607,-0.640694594966961,0.921718676699417,-0.01,0.150512040866228,-1505.12040866228,TRUE,3,0.6,0.6,"Dasymetric_Binomial"
"covariate_x_3_prop",-1.52303010839683,0.280327491714403,-2.07247199215706,-0.973588224636599,0.06,-1.58303010839683,-2638.38351399471,FALSE,3,0.6,0.6,"Dasymetric_Binomial"
"covariate_y_1_prop",2.24535057669418,0.480694408814623,1.30318953541752,3.18751161797084,0.04,2.20535057669418,5513.37644173546,FALSE,3,0.6,0.6,"Dasymetric_Binomial"
"covariate_y_2_prop",-0.23959015449544,0.500261739554643,-1.22010316402254,0.74092285503166,0.01,-0.24959015449544,-2495.9015449544,TRUE,3,0.6,0.6,"Dasymetric_Binomial"
"covariate_y_3_prop",-1.60832135416589,0.347559606798416,-2.28953818349079,-0.927104524840995,-0.05,-1.55832135416589,3116.64270833178,FALSE,3,0.6,0.6,"Dasymetric_Binomial"
"covariate_y_4_prop",-0.505469418847196,0.39603008951235,-1.2816883942914,0.270749556597009,0.02,-0.525469418847196,-2627.34709423598,TRUE,3,0.6,0.6,"Dasymetric_Binomial"
"covariate_x_1_prop",0.000240048287848068,0.100453978674905,-0.199095917057773,0.195757250244305,0.03,-0.0297599517121519,-99.1998390405064,TRUE,4,0.6,0.6,"ABRM_Binomial"
"covariate_x_2_prop",0.000536184160768025,0.0983518981165241,-0.193373711364727,0.191590289633813,-0.01,0.010536184160768,-105.36184160768,TRUE,4,0.6,0.6,"ABRM_Binomial"
"covariate_x_3_prop",-0.000167965242710622,0.101397637824658,-0.196636981834354,0.198936786436576,0.06,-0.0601679652427106,-100.279942071184,TRUE,4,0.6,0.6,"ABRM_Binomial"
"covariate_y_1_prop",0.168557572128594,0.0926035023202739,-0.0128921651514671,0.350736974873022,0.04,0.128557572128594,321.393930321485,TRUE,4,0.6,0.6,"ABRM_Binomial"
"covariate_y_2_prop",0.215791541098662,0.0889119981206179,0.0408083469780548,0.388993415205645,0.01,0.205791541098662,2057.91541098662,FALSE,4,0.6,0.6,"ABRM_Binomial"
"covariate_y_3_prop",0.211724485435763,0.0908493011510133,0.0367352307087596,0.395698818688571,-0.05,0.261724485435763,-523.448970871525,FALSE,4,0.6,0.6,"ABRM_Binomial"
"covariate_y_4_prop",0.120334968292337,0.0964889893350342,-0.0710574340755562,0.309299119135273,0.02,0.100334968292337,501.674841461687,TRUE,4,0.6,0.6,"ABRM_Binomial"
"covariate_x_1_prop",-0.140923339926801,0.459075389154217,-1.04071110266907,0.758864422815463,0.03,-0.170923339926801,-569.744466422671,TRUE,4,0.6,0.6,"Dasymetric_Binomial"
"covariate_x_2_prop",-0.973990504411785,0.314402964279535,-1.59022031439967,-0.357760694423897,-0.01,-0.963990504411785,9639.90504411785,FALSE,4,0.6,0.6,"Dasymetric_Binomial"
"covariate_x_3_prop",0.465485967566591,0.346899608551407,-0.214437265194167,1.14540920032735,0.06,0.405485967566591,675.809945944318,TRUE,4,0.6,0.6,"Dasymetric_Binomial"
"covariate_y_1_prop",-1.13520489441768,0.335882687516574,-1.79353496195016,-0.476874826885194,0.04,-1.17520489441768,-2938.0122360442,FALSE,4,0.6,0.6,"Dasymetric_Binomial"
"covariate_y_2_prop",2.29272389427369,0.505743300364965,1.30146702555836,3.28398076298902,0.01,2.28272389427369,22827.2389427369,FALSE,4,0.6,0.6,"Dasymetric_Binomial"
"covariate_y_3_prop",-3.97509465515966,0.476878622044167,-4.90977675436623,-3.04041255595309,-0.05,-3.92509465515966,7850.18931031932,FALSE,4,0.6,0.6,"Dasymetric_Binomial"
"covariate_y_4_prop",0.186833195804003,0.450566911698477,-0.696277951125011,1.06994434273302,0.02,0.166833195804003,834.165979020016,TRUE,4,0.6,0.6,"Dasymetric_Binomial"
"covariate_x_1_prop",0.00118837322806872,0.0999811121642359,-0.193771007660856,0.198116157594616,0.03,-0.0288116267719313,-96.0387559064376,TRUE,5,0.6,0.6,"ABRM_Binomial"
"covariate_x_2_prop",0.00292883128979272,0.101206089994492,-0.201056379905145,0.198239963529169,-0.01,0.0129288312897927,-129.288312897927,TRUE,5,0.6,0.6,"ABRM_Binomial"
"covariate_x_3_prop",0.00256838665298251,0.0990997117103687,-0.185178816333984,0.199802357848161,0.06,-0.0574316133470175,-95.7193555783625,TRUE,5,0.6,0.6,"ABRM_Binomial"
"covariate_y_1_prop",0.0235451914440585,0.097128597295113,-0.166535206778849,0.20920826410411,0.04,-0.0164548085559415,-41.1370213898539,TRUE,5,0.6,0.6,"ABRM_Binomial"
"covariate_y_2_prop",0.0292860350177353,0.09861916082928,-0.164054773516889,0.223172851568708,0.01,0.0192860350177353,192.860350177353,TRUE,5,0.6,0.6,"ABRM_Binomial"
"covariate_y_3_prop",0.0148136602999484,0.0967241298522887,-0.175708179248802,0.2005390561337,-0.05,0.0648136602999485,-129.627320599897,TRUE,5,0.6,0.6,"ABRM_Binomial"
"covariate_y_4_prop",0.0226107532665858,0.0982248269959987,-0.166053765445915,0.216401465239351,0.02,0.00261075326658581,13.053766332929,TRUE,5,0.6,0.6,"ABRM_Binomial"
"covariate_x_1_prop",1.2010704254964,0.326165196769614,0.561786639827955,1.84035421116484,0.03,1.1710704254964,3903.56808498799,FALSE,5,0.6,0.6,"Dasymetric_Binomial"
"covariate_x_2_prop",-0.147959434154888,0.306068400764066,-0.747853499652456,0.451934631342681,-0.01,-0.137959434154888,1379.59434154888,TRUE,5,0.6,0.6,"Dasymetric_Binomial"
"covariate_x_3_prop",-0.29204180623292,0.277373852589924,-0.835694557309171,0.251610944843331,0.06,-0.35204180623292,-586.736343721534,TRUE,5,0.6,0.6,"Dasymetric_Binomial"
"covariate_y_1_prop",-2.00413056495532,0.39368742551493,-2.77575791896458,-1.23250321094605,0.04,-2.04413056495532,-5110.32641238829,FALSE,5,0.6,0.6,"Dasymetric_Binomial"
"covariate_y_2_prop",-0.349082129374312,0.33493344827641,-1.00555168799608,0.307387429247452,0.01,-0.359082129374312,-3590.82129374312,TRUE,5,0.6,0.6,"Dasymetric_Binomial"
"covariate_y_3_prop",0.659143663800062,0.274967016666771,0.120208311133192,1.19807901646693,-0.05,0.709143663800062,-1418.28732760012,FALSE,5,0.6,0.6,"Dasymetric_Binomial"
"covariate_y_4_prop",1.16594883257265,0.366169342204795,0.448256921851257,1.88364074329405,0.02,1.14594883257265,5729.74416286327,FALSE,5,0.6,0.6,"Dasymetric_Binomial"
"covariate_x_1_prop",-0.00219192067231093,0.101024910087026,-0.19604487335213,0.197473034859512,0.03,-0.0321919206723109,-107.306402241036,TRUE,6,0.6,0.6,"ABRM_Binomial"
"covariate_x_2_prop",-0.00354349576806434,0.100028679904153,-0.196028430147048,0.193242993161751,-0.01,0.00645650423193566,-64.5650423193566,TRUE,6,0.6,0.6,"ABRM_Binomial"
"covariate_x_3_prop",-0.0040311813648806,0.0980496024200177,-0.198403551228934,0.188878318243209,0.06,-0.0640311813648806,-106.718635608134,TRUE,6,0.6,0.6,"ABRM_Binomial"
"covariate_y_1_prop",-0.00438982821104042,0.0906428819398485,-0.182129834168612,0.173541966825116,0.04,-0.0443898282110404,-110.974570527601,TRUE,6,0.6,0.6,"ABRM_Binomial"
"covariate_y_2_prop",-0.0202491251507098,0.0948602532908444,-0.206498030339133,0.169087377138351,0.01,-0.0302491251507098,-302.491251507098,TRUE,6,0.6,0.6,"ABRM_Binomial"
"covariate_y_3_prop",-0.0112321050031769,0.0870092621504902,-0.182191220637585,0.163011691411784,-0.05,0.0387678949968231,-77.5357899936463,TRUE,6,0.6,0.6,"ABRM_Binomial"
"covariate_y_4_prop",-0.0338897753332221,0.0895002477986461,-0.209777348405157,0.139122839061067,0.02,-0.0538897753332221,-269.44887666611,TRUE,6,0.6,0.6,"ABRM_Binomial"
"covariate_x_1_prop",2.10415741295625,0.318297852207612,1.48029362262933,2.72802120328317,0.03,2.07415741295625,6913.8580431875,FALSE,6,0.6,0.6,"Dasymetric_Binomial"
"covariate_x_2_prop",-0.10557398399147,0.255072274881012,-0.605515642758254,0.394367674775314,-0.01,-0.0955739839914701,955.739839914701,TRUE,6,0.6,0.6,"Dasymetric_Binomial"
"covariate_x_3_prop",0.100838621584287,0.321287477976166,-0.528884835248998,0.730562078417572,0.06,0.0408386215842871,68.0643693071451,TRUE,6,0.6,0.6,"Dasymetric_Binomial"
"covariate_y_1_prop",-1.31548750301639,0.348131330595089,-1.99782491098276,-0.633150095050013,0.04,-1.35548750301639,-3388.71875754097,FALSE,6,0.6,0.6,"Dasymetric_Binomial"
"covariate_y_2_prop",1.2042514358367,0.345472576827162,0.527125185255467,1.88137768641794,0.01,1.1942514358367,11942.514358367,FALSE,6,0.6,0.6,"Dasymetric_Binomial"
"covariate_y_3_prop",-0.0245900111237746,0.321595316019267,-0.654916830521537,0.605736808273988,-0.05,0.0254099888762254,-50.8199777524508,TRUE,6,0.6,0.6,"Dasymetric_Binomial"
"covariate_y_4_prop",1.46562874047776,0.280936568039678,0.914993067119988,2.01626441383553,0.02,1.44562874047776,7228.14370238878,FALSE,6,0.6,0.6,"Dasymetric_Binomial"
"covariate_x_1_prop",-0.000970250048780816,0.101097713747426,-0.196363736405148,0.198238768815523,0.03,-0.0309702500487808,-103.234166829269,TRUE,7,0.6,0.6,"ABRM_Binomial"
"covariate_x_2_prop",-0.0029812971593652,0.0990510448507945,-0.196527887552546,0.188593298816532,-0.01,0.0070187028406348,-70.187028406348,TRUE,7,0.6,0.6,"ABRM_Binomial"
"covariate_x_3_prop",0.000732051225950885,0.100820583279982,-0.195654003781411,0.194484568622372,0.06,-0.0592679487740491,-98.7799146234152,TRUE,7,0.6,0.6,"ABRM_Binomial"
"covariate_y_1_prop",-0.00444004387549517,0.0982516784029204,-0.196046073125605,0.188573098930929,0.04,-0.0444400438754952,-111.100109688738,TRUE,7,0.6,0.6,"ABRM_Binomial"
"covariate_y_2_prop",-0.000984940989759608,0.0989275401382562,-0.196423991939367,0.187276024126332,0.01,-0.0109849409897596,-109.849409897596,TRUE,7,0.6,0.6,"ABRM_Binomial"
"covariate_y_3_prop",-0.0201887445850629,0.098983198037843,-0.210336793618282,0.17512074602271,-0.05,0.0298112554149371,-59.6225108298743,TRUE,7,0.6,0.6,"ABRM_Binomial"
"covariate_y_4_prop",-0.01461882936348,0.0970246123150675,-0.206799856448364,0.177406490610598,0.02,-0.03461882936348,-173.0941468174,TRUE,7,0.6,0.6,"ABRM_Binomial"
"covariate_x_1_prop",-0.80804181251269,0.249053639438827,-1.29618694581279,-0.319896679212588,0.03,-0.83804181251269,-2793.47270837563,FALSE,7,0.6,0.6,"Dasymetric_Binomial"
"covariate_x_2_prop",0.0180867702491591,0.296237535880638,-0.562538800076891,0.598712340575209,-0.01,0.0280867702491591,-280.867702491591,TRUE,7,0.6,0.6,"Dasymetric_Binomial"
"covariate_x_3_prop",-1.18436555814459,0.261028755930804,-1.69598191976896,-0.672749196520212,0.06,-1.24436555814459,-2073.94259690765,FALSE,7,0.6,0.6,"Dasymetric_Binomial"
"covariate_y_1_prop",-2.74564512981345,0.422158287190506,-3.57307537270684,-1.91821488692005,0.04,-2.78564512981345,-6964.11282453361,FALSE,7,0.6,0.6,"Dasymetric_Binomial"
"covariate_y_2_prop",-0.619234354067394,0.376943370531185,-1.35804336030852,0.119574652173729,0.01,-0.629234354067394,-6292.34354067394,TRUE,7,0.6,0.6,"Dasymetric_Binomial"
"covariate_y_3_prop",2.50242488723132,0.35898231897411,1.79881954204206,3.20603023242057,-0.05,2.55242488723132,-5104.84977446264,FALSE,7,0.6,0.6,"Dasymetric_Binomial"
"covariate_y_4_prop",-0.878991935311731,0.39686469953594,-1.65684674640217,-0.101137124221287,0.02,-0.898991935311731,-4494.95967655865,FALSE,7,0.6,0.6,"Dasymetric_Binomial"
"covariate_x_1_prop",-0.00204637730321767,0.100677947897076,-0.197116327890261,0.198284169459087,0.03,-0.0320463773032177,-106.821257677392,TRUE,8,0.6,0.6,"ABRM_Binomial"
"covariate_x_2_prop",-0.00169537082583732,0.100463191617838,-0.204186707472806,0.189814123653356,-0.01,0.00830462917416268,-83.0462917416268,TRUE,8,0.6,0.6,"ABRM_Binomial"
"covariate_x_3_prop",-0.00569627854763793,0.100617910680264,-0.206284641477521,0.198496193647673,0.06,-0.0656962785476379,-109.493797579397,TRUE,8,0.6,0.6,"ABRM_Binomial"
"covariate_y_1_prop",-0.0092877125109025,0.0831676342866527,-0.172343650436612,0.151700127148313,0.04,-0.0492877125109025,-123.219281277256,TRUE,8,0.6,0.6,"ABRM_Binomial"
"covariate_y_2_prop",0.0147706518636418,0.0846568957995247,-0.151093149363645,0.177572105996653,0.01,0.00477065186364175,47.7065186364175,TRUE,8,0.6,0.6,"ABRM_Binomial"
"covariate_y_3_prop",0.0040047687503418,0.0939361820428693,-0.176272683272866,0.190542755222378,-0.05,0.0540047687503418,-108.009537500684,TRUE,8,0.6,0.6,"ABRM_Binomial"
"covariate_y_4_prop",0.00803281607663704,0.0885972578981173,-0.168302811343708,0.180947270033086,0.02,-0.011967183923363,-59.8359196168148,TRUE,8,0.6,0.6,"ABRM_Binomial"
"covariate_x_1_prop",1.08266597923233,0.405614589212445,0.287661384375933,1.87767057408872,0.03,1.05266597923233,3508.88659744109,FALSE,8,0.6,0.6,"Dasymetric_Binomial"
"covariate_x_2_prop",0.403298246346731,0.323630999826263,-0.231018513312745,1.03761500600621,-0.01,0.413298246346731,-4132.98246346731,TRUE,8,0.6,0.6,"Dasymetric_Binomial"
"covariate_x_3_prop",-3.08359610966026,0.33197667862929,-3.73427039977366,-2.43292181954685,0.06,-3.14359610966026,-5239.32684943376,FALSE,8,0.6,0.6,"Dasymetric_Binomial"
"covariate_y_1_prop",-2.24375520122044,0.34242851990385,-2.91491510023198,-1.57259530220889,0.04,-2.28375520122044,-5709.38800305109,FALSE,8,0.6,0.6,"Dasymetric_Binomial"
"covariate_y_2_prop",2.39317371676597,0.423930532114056,1.56226987382242,3.22407755970952,0.01,2.38317371676597,23831.7371676597,FALSE,8,0.6,0.6,"Dasymetric_Binomial"
"covariate_y_3_prop",5.78317368554176,0.558690584060832,4.68814014078253,6.87820723030099,-0.05,5.83317368554176,-11666.3473710835,FALSE,8,0.6,0.6,"Dasymetric_Binomial"
"covariate_y_4_prop",-2.15569273664498,0.483805613066741,-3.10395173825579,-1.20743373503417,0.02,-2.17569273664498,-10878.4636832249,FALSE,8,0.6,0.6,"Dasymetric_Binomial"
"covariate_x_1_prop",0.0036807832016423,0.0999772208711919,-0.189255136252702,0.198880326077624,0.03,-0.0263192167983577,-87.7307226611923,TRUE,9,0.6,0.6,"ABRM_Binomial"
"covariate_x_2_prop",0.00125918335910076,0.0993262721201576,-0.195772536465937,0.198726284471319,-0.01,0.0112591833591008,-112.591833591008,TRUE,9,0.6,0.6,"ABRM_Binomial"
"covariate_x_3_prop",0.0019156726556391,0.100548558605569,-0.194081355366033,0.202784344739011,0.06,-0.0580843273443609,-96.8072122406015,TRUE,9,0.6,0.6,"ABRM_Binomial"
"covariate_y_1_prop",-0.0672691860186048,0.093807732121845,-0.248605716421485,0.112945363405794,0.04,-0.107269186018605,-268.172965046512,TRUE,9,0.6,0.6,"ABRM_Binomial"
"covariate_y_2_prop",-0.0263581540881084,0.0851330865843675,-0.194983789208964,0.142318372547994,0.01,-0.0363581540881084,-363.581540881084,TRUE,9,0.6,0.6,"ABRM_Binomial"
"covariate_y_3_prop",-0.102415410178915,0.0874996764669417,-0.273184611537605,0.0692466046319735,-0.05,-0.0524154101789154,104.830820357831,TRUE,9,0.6,0.6,"ABRM_Binomial"
"covariate_y_4_prop",-0.131388355714761,0.0894744197909055,-0.310756050490376,0.0402500474542398,0.02,-0.151388355714761,-756.941778573804,TRUE,9,0.6,0.6,"ABRM_Binomial"
"covariate_x_1_prop",-0.686545084566173,0.287846974407959,-1.25072515440577,-0.122365014726573,0.03,-0.716545084566173,-2388.48361522058,FALSE,9,0.6,0.6,"Dasymetric_Binomial"
"covariate_x_2_prop",-0.000833028855681655,0.199272508170884,-0.391407144870615,0.389741087159252,-0.01,0.00916697114431834,-91.6697114431834,TRUE,9,0.6,0.6,"Dasymetric_Binomial"
"covariate_x_3_prop",-1.93251085773787,0.481302380599419,-2.87586352371273,-0.989158191763008,0.06,-1.99251085773787,-3320.85142956312,FALSE,9,0.6,0.6,"Dasymetric_Binomial"
"covariate_y_1_prop",-2.46924443189043,0.450608909299192,-3.35243789411684,-1.58605096966401,0.04,-2.50924443189043,-6273.11107972607,FALSE,9,0.6,0.6,"Dasymetric_Binomial"
"covariate_y_2_prop",0.889394293854662,0.454040541833613,-0.000525168139218213,1.77931375584854,0.01,0.879394293854662,8793.94293854662,TRUE,9,0.6,0.6,"Dasymetric_Binomial"
"covariate_y_3_prop",-0.855976704015864,0.553415576425358,-1.94067123380957,0.228717825777839,-0.05,-0.805976704015864,1611.95340803173,TRUE,9,0.6,0.6,"Dasymetric_Binomial"
"covariate_y_4_prop",3.76361876283961,0.60607518177175,2.57571140656698,4.95152611911224,0.02,3.74361876283961,18718.0938141981,FALSE,9,0.6,0.6,"Dasymetric_Binomial"
"covariate_x_1_prop",0.00123446386445571,0.0984976908751456,-0.190825050537837,0.192382849635135,0.03,-0.0287655361355443,-95.8851204518143,TRUE,10,0.6,0.6,"ABRM_Binomial"
"covariate_x_2_prop",0.00238346501883019,0.0984127645848365,-0.188770316311615,0.197563396632684,-0.01,0.0123834650188302,-123.834650188302,TRUE,10,0.6,0.6,"ABRM_Binomial"
"covariate_x_3_prop",0.00298624709259355,0.101496379304539,-0.196976474405742,0.202469464336045,0.06,-0.0570137529074064,-95.0229215123441,TRUE,10,0.6,0.6,"ABRM_Binomial"
"covariate_y_1_prop",0.058848695626984,0.0875890611268043,-0.111154621791378,0.231111611830937,0.04,0.018848695626984,47.1217390674599,TRUE,10,0.6,0.6,"ABRM_Binomial"
"covariate_y_2_prop",0.0321983277666347,0.0922945849947093,-0.147783668017221,0.211487762546183,0.01,0.0221983277666347,221.983277666347,TRUE,10,0.6,0.6,"ABRM_Binomial"
"covariate_y_3_prop",0.0630244431580493,0.0830318600551376,-0.0985223680983962,0.228274209109517,-0.05,0.113024443158049,-226.048886316099,TRUE,10,0.6,0.6,"ABRM_Binomial"
"covariate_y_4_prop",0.0431798744622563,0.0923358582448407,-0.135324015168832,0.226003937199273,0.02,0.0231798744622563,115.899372311282,TRUE,10,0.6,0.6,"ABRM_Binomial"
"covariate_x_1_prop",0.857150010373756,0.305128637007571,0.259097881838917,1.4552021389086,0.03,0.827150010373756,2757.16670124585,FALSE,10,0.6,0.6,"Dasymetric_Binomial"
"covariate_x_2_prop",0.502372124847219,0.357718860961992,-0.198756842638285,1.20350109233272,-0.01,0.512372124847219,-5123.72124847219,TRUE,10,0.6,0.6,"Dasymetric_Binomial"
"covariate_x_3_prop",-1.82179319683017,0.294206887497209,-2.3984386963247,-1.24514769733564,0.06,-1.88179319683017,-3136.32199471695,FALSE,10,0.6,0.6,"Dasymetric_Binomial"
"covariate_y_1_prop",1.43660378604488,0.528644470708543,0.400460623456133,2.47274694863362,0.04,1.39660378604488,3491.50946511219,FALSE,10,0.6,0.6,"Dasymetric_Binomial"
"covariate_y_2_prop",3.54409963970377,0.396199952655471,2.76754773249904,4.32065154690849,0.01,3.53409963970377,35340.9963970377,FALSE,10,0.6,0.6,"Dasymetric_Binomial"
"covariate_y_3_prop",-1.68458917719595,0.29734724146231,-2.26738977046208,-1.10178858392982,-0.05,-1.63458917719595,3269.1783543919,FALSE,10,0.6,0.6,"Dasymetric_Binomial"
"covariate_y_4_prop",-2.16626582461979,0.352435352367242,-2.85703911525959,-1.47549253398,0.02,-2.18626582461979,-10931.329123099,FALSE,10,0.6,0.6,"Dasymetric_Binomial"
