"method","variable","estimated_beta","std_error","ci_lower","ci_upper","true_beta","bias","relative_bias","within_ci","x_correlation","y_correlation"
"ABRM","covariate_x_1",-0.124484602095626,0.0692857324802503,-0.278249300414345,-0.00427911704351278,0.03,-0.154484602095626,-514.948673652088,FALSE,0.2,0.2
"ABRM","covariate_x_2",0.00788080556065907,0.0851840439353383,-0.166032116072221,0.178825912008863,-0.01,0.0178808055606591,-178.808055606591,TRUE,0.2,0.2
"ABRM","covariate_x_3",-0.00353755671486561,0.0747688562640867,-0.151629044266058,0.144918600248067,0.06,-0.0635375567148656,-105.895927858109,TRUE,0.2,0.2
"ABRM","covariate_y_1",-0.0349074993544158,0.108500451625772,-0.251737576045333,0.16497272293905,0.04,-0.0749074993544158,-187.26874838604,TRUE,0.2,0.2
"ABRM","covariate_y_2",0.129984149072778,0.0585125840604763,0.0119803880104841,0.248553712992032,0.01,0.119984149072778,1199.84149072778,FALSE,0.2,0.2
"ABRM","covariate_y_3",-0.0607648066044257,0.0286228306159009,-0.122561955822019,-0.00845175090367973,-0.05,-0.0107648066044257,21.5296132088514,TRUE,0.2,0.2
"ABRM","covariate_y_4",-0.0264203159802903,0.0925909851479226,-0.197881703150168,0.165691964155214,0.02,-0.0464203159802903,-232.101579901451,TRUE,0.2,0.2
"Dasymetric","covariate_x_1",-0.368434096986497,0.169640130084804,-0.700928751952712,-0.0359394420202819,0.03,-0.398434096986497,-1328.11365662166,FALSE,0.2,0.2
"Dasymetric","covariate_x_2",-0.357006429979739,0.173270976638256,-0.696617544190721,-0.017395315768757,-0.01,-0.347006429979739,3470.06429979739,FALSE,0.2,0.2
"Dasymetric","covariate_x_3",0.370016394648303,0.125420158985598,0.12419288303653,0.615839906260076,0.06,0.310016394648303,516.693991080505,FALSE,0.2,0.2
"Dasymetric","covariate_y_1",0.456339983033383,0.151345866863094,0.159702083981719,0.752977882085046,0.04,0.416339983033383,1040.84995758346,FALSE,0.2,0.2
"Dasymetric","covariate_y_2",0.97362432592925,0.147469607280015,0.68458389566042,1.26266475619808,0.01,0.96362432592925,9636.2432592925,FALSE,0.2,0.2
"Dasymetric","covariate_y_3",-0.894360341052369,0.216532297648406,-1.31876364444325,-0.469957037661494,-0.05,-0.844360341052369,1688.72068210474,FALSE,0.2,0.2
"Dasymetric","covariate_y_4",-0.826210978342835,0.177984691755757,-1.17506097418412,-0.477360982501552,0.02,-0.846210978342835,-4231.05489171418,FALSE,0.2,0.2
"ABRM","covariate_x_1",-0.0387872974099919,0.0271808558541074,-0.0925795242522972,0.010785823808954,0.03,-0.0687872974099919,-229.29099136664,FALSE,0.2,0.2
"ABRM","covariate_x_2",-0.0370844430064786,0.0549886420965855,-0.115355326842724,0.0430386223678318,-0.01,-0.0270844430064786,270.844430064786,TRUE,0.2,0.2
"ABRM","covariate_x_3",0.0311750860282469,0.0266399142489478,-0.0159177812012573,0.0829590165480678,0.06,-0.0288249139717531,-48.0415232862552,TRUE,0.2,0.2
"ABRM","covariate_y_1",0.0418300693687867,0.0196089236190746,0.0149901454247612,0.0778579673494994,0.04,0.00183006936878673,4.57517342196682,TRUE,0.2,0.2
"ABRM","covariate_y_2",0.032670712219049,0.0214122596107486,0.000615705629959313,0.0702263149611196,0.01,0.022670712219049,226.70712219049,TRUE,0.2,0.2
"ABRM","covariate_y_3",-0.0496483190665588,0.0226266158734292,-0.0846498289416759,-0.00322686464724744,-0.05,0.000351680933441234,-0.703361866882468,TRUE,0.2,0.2
"ABRM","covariate_y_4",0.0225904985314441,0.00657546340820279,0.00793893258086374,0.0322151469366772,0.02,0.00259049853144409,12.9524926572205,TRUE,0.2,0.2
"Dasymetric","covariate_x_1",0.575322723981418,0.0291702012776441,0.518149129477235,0.6324963184856,0.03,0.545322723981418,1817.74241327139,FALSE,0.2,0.2
"Dasymetric","covariate_x_2",-0.981410624063651,0.0562445820290877,-1.09165000484066,-0.871171243286639,-0.01,-0.971410624063651,9714.10624063651,FALSE,0.2,0.2
"Dasymetric","covariate_x_3",0.31144516948431,0.0275943767734601,0.257360191008329,0.365530147960292,0.06,0.25144516948431,419.075282473851,FALSE,0.2,0.2
"Dasymetric","covariate_y_1",2.14136898697438,0.0544546086994256,2.03463795392351,2.24810002002525,0.04,2.10136898697438,5253.42246743595,FALSE,0.2,0.2
"Dasymetric","covariate_y_2",0.356503653148555,0.0425200372759404,0.273164380087712,0.439842926209398,0.01,0.346503653148555,3465.03653148555,FALSE,0.2,0.2
"Dasymetric","covariate_y_3",-1.02602982370403,0.0456797710287109,-1.1155621749203,-0.936497472487757,-0.05,-0.976029823704031,1952.05964740806,FALSE,0.2,0.2
"Dasymetric","covariate_y_4",-0.0590793757187296,0.0439584557692405,-0.145237949026441,0.0270791975889819,0.02,-0.0790793757187296,-395.396878593648,TRUE,0.2,0.2
"ABRM","covariate_x_1",-0.00334319456823496,0.03327062139353,-0.0648596373854836,0.06511307692409,0.03,-0.033343194568235,-111.143981894117,TRUE,0.2,0.2
"ABRM","covariate_x_2",-0.222196153342443,0.13530293027676,-0.478002386642519,0.00865279195214644,-0.01,-0.212196153342443,2121.96153342443,TRUE,0.2,0.2
"ABRM","covariate_x_3",0.0782880050038133,0.0592835068252328,-0.0249584891806397,0.196825463907155,0.06,0.0182880050038133,30.4800083396888,TRUE,0.2,0.2
"ABRM","covariate_y_1",0.0257489937339985,0.0161354346446794,-0.00684515647778072,0.0536750974980688,0.04,-0.0142510062660015,-35.6275156650038,TRUE,0.2,0.2
"ABRM","covariate_y_2",0.112972573276815,0.0664388225928006,-0.00620806144532966,0.239227054288711,0.01,0.102972573276815,1029.72573276815,TRUE,0.2,0.2
"ABRM","covariate_y_3",-0.00512846847853263,0.0245113892989664,-0.0512371864142929,0.036890605674387,-0.05,0.0448715315214674,-89.7430630429348,TRUE,0.2,0.2
"ABRM","covariate_y_4",0.130050444926943,0.0487653594365228,0.0380106899711278,0.198488643713207,0.02,0.110050444926943,550.252224634713,FALSE,0.2,0.2
"Dasymetric","covariate_x_1",-0.452142387489648,0.0283511832138328,-0.50771070658876,-0.396574068390535,0.03,-0.482142387489648,-1607.14129163216,FALSE,0.2,0.2
"Dasymetric","covariate_x_2",-0.0573002096067419,0.0257326456862392,-0.107736195151771,-0.0068642240617131,-0.01,-0.0473002096067419,473.002096067419,TRUE,0.2,0.2
"Dasymetric","covariate_x_3",-1.28915521359605,0.0344066314660204,-1.35659221126945,-1.22171821592265,0.06,-1.34915521359605,-2248.59202266008,FALSE,0.2,0.2
"Dasymetric","covariate_y_1",-0.24824235855583,0.0225432227852008,-0.292427075214823,-0.204057641896836,0.04,-0.28824235855583,-720.605896389575,FALSE,0.2,0.2
"Dasymetric","covariate_y_2",-0.420343203855598,0.0199214903724121,-0.459389324985525,-0.38129708272567,0.01,-0.430343203855598,-4303.43203855597,FALSE,0.2,0.2
"Dasymetric","covariate_y_3",0.671866822820642,0.0285601684066862,0.615888892743537,0.727844752897747,-0.05,0.721866822820642,-1443.73364564128,FALSE,0.2,0.2
"Dasymetric","covariate_y_4",1.09526506957804,0.0280945735064739,1.04019970550535,1.15033043365073,0.02,1.07526506957804,5376.32534789021,FALSE,0.2,0.2
"ABRM","covariate_x_1",0.000887626842928099,0.0462288127449189,-0.0897134536055077,0.10174525451139,0.03,-0.0291123731570719,-97.0412438569063,TRUE,0.2,0.2
"ABRM","covariate_x_2",-0.0184893535865932,0.0396907829400101,-0.0916512538899149,0.0689819458631074,-0.01,-0.0084893535865932,84.8935358659321,TRUE,0.2,0.2
"ABRM","covariate_x_3",-0.0430462681813349,0.0313211231619474,-0.110497610968455,0.0151600338005019,0.06,-0.103046268181335,-171.743780302225,FALSE,0.2,0.2
"ABRM","covariate_y_1",0.0833615316565066,0.0213590382718775,0.0477482023816973,0.129672665728061,0.04,0.0433615316565066,108.403829141266,FALSE,0.2,0.2
"ABRM","covariate_y_2",0.00933621747009572,0.0213058594781613,-0.0318072190598063,0.0542199633298525,0.01,-0.000663782529904282,-6.63782529904282,TRUE,0.2,0.2
"ABRM","covariate_y_3",-0.0616376639338436,0.0210839615494807,-0.101578203949436,-0.0180857786380011,-0.05,-0.0116376639338436,23.2753278676873,TRUE,0.2,0.2
"ABRM","covariate_y_4",0.0358444351108783,0.0167831099484597,0.00274036247409914,0.069758149089574,0.02,0.0158444351108783,79.2221755543914,TRUE,0.2,0.2
"Dasymetric","covariate_x_1",0.0118425444004992,0.0739240137048704,-0.133048522461047,0.156733611262045,0.03,-0.0181574555995008,-60.5248519983361,TRUE,0.2,0.2
"Dasymetric","covariate_x_2",-0.043793471422322,0.0754200346052876,-0.191616739248686,0.104029796404042,-0.01,-0.033793471422322,337.93471422322,TRUE,0.2,0.2
"Dasymetric","covariate_x_3",0.557565885923334,0.0423140846533861,0.474630280002697,0.640501491843971,0.06,0.497565885923334,829.27647653889,FALSE,0.2,0.2
"Dasymetric","covariate_y_1",0.973006567237267,0.0384807292864955,0.897584337835736,1.0484287966388,0.04,0.933006567237267,2332.51641809317,FALSE,0.2,0.2
"Dasymetric","covariate_y_2",-0.0735845971368933,0.0776176759820885,-0.225715242061787,0.0785460477880002,0.01,-0.0835845971368933,-835.845971368933,TRUE,0.2,0.2
"Dasymetric","covariate_y_3",-0.547941638034457,0.09555537584492,-0.7352301746905,-0.360653101378414,-0.05,-0.497941638034457,995.883276068914,FALSE,0.2,0.2
"Dasymetric","covariate_y_4",0.180727743063886,0.0593752419740155,0.0643522687948159,0.297103217332957,0.02,0.160727743063886,803.638715319431,FALSE,0.2,0.2
"ABRM","covariate_x_1",0.151669041905247,0.0904310366415875,-0.00493599931827583,0.347191184110936,0.03,0.121669041905247,405.563473017491,TRUE,0.2,0.2
"ABRM","covariate_x_2",-0.0736062520118447,0.0524414292156767,-0.150927668249354,0.050068544966294,-0.01,-0.0636062520118447,636.062520118447,TRUE,0.2,0.2
"ABRM","covariate_x_3",0.0824918041793429,0.0646172264552487,-0.0468719236203946,0.182815372514955,0.06,0.0224918041793429,37.4863402989048,TRUE,0.2,0.2
"ABRM","covariate_y_1",0.124562825971603,0.0913362922397403,-0.0169002742686317,0.309949494282008,0.04,0.0845628259716026,211.407064929006,TRUE,0.2,0.2
"ABRM","covariate_y_2",-0.109984935901106,0.0717580303309754,-0.251403489072068,0.00617771814872755,0.01,-0.119984935901106,-1199.84935901106,FALSE,0.2,0.2
"ABRM","covariate_y_3",-0.101102677586744,0.060293251090754,-0.197940478971816,0.0172202979691253,-0.05,-0.0511026775867437,102.205355173488,TRUE,0.2,0.2
"ABRM","covariate_y_4",0.171989574778148,0.052686917162703,0.0705891331389942,0.285345541637588,0.02,0.151989574778148,759.94787389074,FALSE,0.2,0.2
"Dasymetric","covariate_x_1",0.264736862730287,0.0367845985875728,0.192639049498645,0.33683467596193,0.03,0.234736862730287,782.456209100958,FALSE,0.2,0.2
"Dasymetric","covariate_x_2",-0.579993221311677,0.0442553255041825,-0.666733659299874,-0.493252783323479,-0.01,-0.569993221311677,5699.93221311677,FALSE,0.2,0.2
"Dasymetric","covariate_x_3",1.66340348411136,0.0515824439421354,1.56230189398478,1.76450507423795,0.06,1.60340348411136,2672.33914018561,FALSE,0.2,0.2
"Dasymetric","covariate_y_1",1.17409777756972,0.0631451633733765,1.0503332573579,1.29786229778153,0.04,1.13409777756971,2835.24444392429,FALSE,0.2,0.2
"Dasymetric","covariate_y_2",-0.724264025404003,0.0466651362235676,-0.815727692402196,-0.632800358405811,0.01,-0.734264025404003,-7342.64025404003,FALSE,0.2,0.2
"Dasymetric","covariate_y_3",-0.688373391730429,0.0634370420674753,-0.812709994182681,-0.564036789278177,-0.05,-0.638373391730429,1276.74678346086,FALSE,0.2,0.2
"Dasymetric","covariate_y_4",0.227575304658547,0.0486182599590288,0.13228351513885,0.322867094178243,0.02,0.207575304658547,1037.87652329273,FALSE,0.2,0.2
"ABRM","covariate_x_1",0.326655423070384,0.105572075526776,0.144006122629382,0.513959465341683,0.03,0.296655423070384,988.851410234614,FALSE,0.2,0.2
"ABRM","covariate_x_2",0.048303818766006,0.0447184819911366,-0.0165462566819927,0.108530791644079,-0.01,0.058303818766006,-583.03818766006,TRUE,0.2,0.2
"ABRM","covariate_x_3",-0.113532761050313,0.0326440329230891,-0.167676703623927,-0.0647585006189858,0.06,-0.173532761050313,-289.221268417189,FALSE,0.2,0.2
"ABRM","covariate_y_1",0.0152165065455354,0.0601717124178702,-0.080146702960855,0.130134226605834,0.04,-0.0247834934544646,-61.9587336361615,TRUE,0.2,0.2
"ABRM","covariate_y_2",-0.0588850093591032,0.0200160387815557,-0.0890700949114282,-0.0135871977761908,0.01,-0.0688850093591032,-688.850093591032,FALSE,0.2,0.2
"ABRM","covariate_y_3",0.0596759269320372,0.0423917154044514,-0.0259482128966864,0.112875099682452,-0.05,0.109675926932037,-219.351853864074,FALSE,0.2,0.2
"ABRM","covariate_y_4",0.111878918416065,0.0253482820963356,0.069751559318226,0.164295579204105,0.02,0.0918789184160651,459.394592080326,FALSE,0.2,0.2
"Dasymetric","covariate_x_1",0.649731457549308,0.0186953665095601,0.61308853919057,0.686374375908045,0.03,0.619731457549308,2065.77152516436,FALSE,0.2,0.2
"Dasymetric","covariate_x_2",-1.14623248652954,0.0215083366942899,-1.18838882645035,-1.10407614660873,-0.01,-1.13623248652954,11362.3248652954,FALSE,0.2,0.2
"Dasymetric","covariate_x_3",1.53495167983631,0.0148763099246755,1.50579411238395,1.56410924728868,0.06,1.47495167983631,2458.25279972719,FALSE,0.2,0.2
"Dasymetric","covariate_y_1",0.156762379245588,0.0218376959922899,0.113960495100699,0.199564263390476,0.04,0.116762379245588,291.905948113969,FALSE,0.2,0.2
"Dasymetric","covariate_y_2",0.208363631723356,0.0315906725917468,0.146445913443532,0.270281350003179,0.01,0.198363631723356,1983.63631723356,FALSE,0.2,0.2
"Dasymetric","covariate_y_3",-0.518026350859535,0.0443124417308934,-0.604878736652086,-0.431173965066984,-0.05,-0.468026350859535,936.05270171907,FALSE,0.2,0.2
"Dasymetric","covariate_y_4",-0.0647080377028096,0.0234852722958275,-0.110739171402631,-0.0186769040029878,0.02,-0.0847080377028096,-423.540188514048,FALSE,0.2,0.2
"ABRM","covariate_x_1",-0.24733708284271,0.0983645457121727,-0.416219640240657,-0.052513469851043,0.03,-0.27733708284271,-924.456942809034,FALSE,0.2,0.2
"ABRM","covariate_x_2",0.0356086922104413,0.0381671759611757,-0.0349229611633237,0.119568300953427,-0.01,0.0456086922104414,-456.086922104414,TRUE,0.2,0.2
"ABRM","covariate_x_3",-0.00718846751854845,0.0445938444723345,-0.126243869899402,0.0615489701393834,0.06,-0.0671884675185485,-111.980779197581,TRUE,0.2,0.2
"ABRM","covariate_y_1",-0.0875253705789233,0.0669435509020004,-0.243638089189213,0.0379872923017421,0.04,-0.127525370578923,-318.813426447308,FALSE,0.2,0.2
"ABRM","covariate_y_2",-0.0289141529251049,0.0880019563304543,-0.198382815148411,0.137194416393737,0.01,-0.038914152925105,-389.14152925105,TRUE,0.2,0.2
"ABRM","covariate_y_3",-0.0492435119613624,0.041404298205298,-0.137226181528098,0.0235934805235612,-0.05,0.000756488038637634,-1.51297607727527,TRUE,0.2,0.2
"ABRM","covariate_y_4",-0.0134814827731829,0.135299597480596,-0.214801361252394,0.260775669144438,0.02,-0.0334814827731829,-167.407413865915,TRUE,0.2,0.2
"Dasymetric","covariate_x_1",-0.341069360308261,0.047782520203308,-0.434723099906745,-0.247415620709777,0.03,-0.371069360308261,-1236.8978676942,FALSE,0.2,0.2
"Dasymetric","covariate_x_2",0.271554360725722,0.0390808354898197,0.194955923165675,0.348152798285768,-0.01,0.281554360725722,-2815.54360725722,FALSE,0.2,0.2
"Dasymetric","covariate_x_3",0.451706271801747,0.0269995929098037,0.398787069698532,0.504625473904963,0.06,0.391706271801747,652.843786336246,FALSE,0.2,0.2
"Dasymetric","covariate_y_1",-1.2308578950764,0.084315121459823,-1.39611553313765,-1.06560025701514,0.04,-1.2708578950764,-3177.14473769099,FALSE,0.2,0.2
"Dasymetric","covariate_y_2",0.192549139764342,0.040862151399271,0.112459323021771,0.272638956506913,0.01,0.182549139764342,1825.49139764342,FALSE,0.2,0.2
"Dasymetric","covariate_y_3",-1.07229159766682,0.0683984912628228,-1.20635264054195,-0.938230554791685,-0.05,-1.02229159766682,2044.58319533364,FALSE,0.2,0.2
"Dasymetric","covariate_y_4",-0.615539737350548,0.0599306502919525,-0.733003811922774,-0.498075662778321,0.02,-0.635539737350548,-3177.69868675274,FALSE,0.2,0.2
"ABRM","covariate_x_1",-0.0841994647708037,0.066336394784645,-0.213995802013621,0.0583752569009752,0.03,-0.114199464770804,-380.664882569346,TRUE,0.2,0.2
"ABRM","covariate_x_2",-0.0113205722849697,0.0141469985247045,-0.0413752475211625,0.0148192559548471,-0.01,-0.00132057228496968,13.2057228496968,TRUE,0.2,0.2
"ABRM","covariate_x_3",-0.0616860253807924,0.0450009248205321,-0.157073835043804,0.0272759691724626,0.06,-0.121686025380792,-202.810042301321,FALSE,0.2,0.2
"ABRM","covariate_y_1",0.00176118640744566,0.0200861377086814,-0.0392928467912214,0.0419581424358258,0.04,-0.0382388135925543,-95.5970339813859,TRUE,0.2,0.2
"ABRM","covariate_y_2",0.0724650675716166,0.0540280037315809,-0.0379291293084612,0.177855935812591,0.01,0.0624650675716166,624.650675716166,TRUE,0.2,0.2
"ABRM","covariate_y_3",0.0100273274773096,0.0340742191009303,-0.056322538031875,0.0877454042990996,-0.05,0.0600273274773096,-120.054654954619,TRUE,0.2,0.2
"ABRM","covariate_y_4",0.00581263106781233,0.0322989267900058,-0.0587165028097206,0.0678760965768399,0.02,-0.0141873689321877,-70.9368446609383,TRUE,0.2,0.2
"Dasymetric","covariate_x_1",-0.610175904383407,0.0645404412388027,-0.73667516921146,-0.483676639555354,0.03,-0.640175904383407,-2133.91968127802,FALSE,0.2,0.2
"Dasymetric","covariate_x_2",-0.119121906548753,0.0619175480233839,-0.240480300674585,0.00223648757707945,-0.01,-0.109121906548753,1091.21906548753,TRUE,0.2,0.2
"Dasymetric","covariate_x_3",-0.0439073895442823,0.0497822773632085,-0.141480653176171,0.0536658740876063,0.06,-0.103907389544282,-173.178982573804,FALSE,0.2,0.2
"Dasymetric","covariate_y_1",0.155126792417551,0.0595335859591941,0.03844096393753,0.271812620897571,0.04,0.115126792417551,287.816981043876,TRUE,0.2,0.2
"Dasymetric","covariate_y_2",0.496246709512734,0.0498299283963977,0.398580049855794,0.593913369169673,0.01,0.486246709512734,4862.46709512734,FALSE,0.2,0.2
"Dasymetric","covariate_y_3",-0.249835303895412,0.0660755169082924,-0.379343317035665,-0.120327290755159,-0.05,-0.199835303895412,399.670607790823,FALSE,0.2,0.2
"Dasymetric","covariate_y_4",0.363995437087814,0.0433335465801907,0.27906168579064,0.448929188384988,0.02,0.343995437087814,1719.97718543907,FALSE,0.2,0.2
"ABRM","covariate_x_1",-0.00808979301308946,0.017266763561401,-0.0431294552986699,0.0277052979535222,0.03,-0.0380897930130895,-126.965976710298,FALSE,0.2,0.2
"ABRM","covariate_x_2",-0.0228397891534673,0.0290895470220073,-0.0754658586505273,0.0397934057774249,-0.01,-0.0128397891534673,128.397891534674,TRUE,0.2,0.2
"ABRM","covariate_x_3",0.0584468381799412,0.0878182430294795,-0.105555352548881,0.229861317312133,0.06,-0.00155316182005881,-2.58860303343135,TRUE,0.2,0.2
"ABRM","covariate_y_1",-0.0369855541250309,0.0583681904217997,-0.139767923796434,0.0873074444961667,0.04,-0.0769855541250309,-192.463885312577,TRUE,0.2,0.2
"ABRM","covariate_y_2",-0.00424191972316914,0.0352095033541479,-0.0727447040846956,0.0751978250548427,0.01,-0.0142419197231691,-142.419197231691,TRUE,0.2,0.2
"ABRM","covariate_y_3",-0.0294994967761403,0.062423628429994,-0.153936660336423,0.0871282403302059,-0.05,0.0205005032238597,-41.0010064477194,TRUE,0.2,0.2
"ABRM","covariate_y_4",0.0168758178288415,0.0228830649426222,-0.0323889370885138,0.0586206908938361,0.02,-0.00312418217115847,-15.6209108557923,TRUE,0.2,0.2
"Dasymetric","covariate_x_1",0.302146426063455,0.026382622083044,0.250436486780689,0.353856365346221,0.03,0.272146426063455,907.15475354485,FALSE,0.2,0.2
"Dasymetric","covariate_x_2",-0.224858160509716,0.0472219664327401,-0.317413214717886,-0.132303106301545,-0.01,-0.214858160509716,2148.58160509716,FALSE,0.2,0.2
"Dasymetric","covariate_x_3",0.404577595691422,0.0354194533183729,0.335155467187411,0.473999724195433,0.06,0.344577595691422,574.295992819037,FALSE,0.2,0.2
"Dasymetric","covariate_y_1",-0.426678974805165,0.0492537427614783,-0.523216310617663,-0.330141638992668,0.04,-0.466678974805165,-1166.69743701291,FALSE,0.2,0.2
"Dasymetric","covariate_y_2",0.0862584106081928,0.0442715906229305,-0.000513907012750975,0.173030728229137,0.01,0.0762584106081928,762.584106081928,TRUE,0.2,0.2
"Dasymetric","covariate_y_3",-0.0649551662103921,0.0306114378030212,-0.124953584304314,-0.00495674811647059,-0.05,-0.0149551662103921,29.9103324207843,TRUE,0.2,0.2
"Dasymetric","covariate_y_4",0.0237672860537909,0.0348330765532146,-0.0445055439905096,0.0920401160980915,0.02,0.00376728605379092,18.8364302689546,TRUE,0.2,0.2
"ABRM","covariate_x_1",0.0627460501022335,0.0311580752725157,-0.00661236356500525,0.112974633105767,0.03,0.0327460501022335,109.153500340778,TRUE,0.2,0.2
"ABRM","covariate_x_2",0.101231323179524,0.0389409248120183,0.0227608790746023,0.185024222436662,-0.01,0.111231323179524,-1112.31323179523,FALSE,0.2,0.2
"ABRM","covariate_x_3",-0.0289318624348551,0.0203621482024457,-0.0689226924613164,0.00921238629521824,0.06,-0.0889318624348551,-148.219770724758,FALSE,0.2,0.2
"ABRM","covariate_y_1",-0.0913814852284292,0.0237405361794324,-0.127886507508501,-0.0348549685344286,0.04,-0.131381485228429,-328.453713071073,FALSE,0.2,0.2
"ABRM","covariate_y_2",0.0185937560111881,0.023388453934836,-0.0215459409866242,0.0646615110106784,0.01,0.00859375601118812,85.9375601118812,TRUE,0.2,0.2
"ABRM","covariate_y_3",-0.0673756786883299,0.0171864515318601,-0.0930923152765819,-0.0262341727969047,-0.05,-0.0173756786883299,34.7513573766598,TRUE,0.2,0.2
"ABRM","covariate_y_4",0.010282756019189,0.00843690240038823,-0.00765715914562817,0.0263510693402236,0.02,-0.00971724398081098,-48.5862199040549,TRUE,0.2,0.2
"Dasymetric","covariate_x_1",0.133724002662717,0.0200152301292819,0.094494151609324,0.172953853716109,0.03,0.103724002662717,345.746675542389,FALSE,0.2,0.2
"Dasymetric","covariate_x_2",-0.376090904281933,0.0206292840564198,-0.416524301032516,-0.33565750753135,-0.01,-0.366090904281933,3660.90904281933,FALSE,0.2,0.2
"Dasymetric","covariate_x_3",0.81003436250563,0.0183491265736771,0.774070074421223,0.845998650590037,0.06,0.75003436250563,1250.05727084272,FALSE,0.2,0.2
"Dasymetric","covariate_y_1",-0.303392438841332,0.0221021939894471,-0.346712739060649,-0.260072138622016,0.04,-0.343392438841332,-858.481097103331,FALSE,0.2,0.2
"Dasymetric","covariate_y_2",0.191984383449233,0.0156069819018349,0.161394698921637,0.22257406797683,0.01,0.181984383449233,1819.84383449233,FALSE,0.2,0.2
"Dasymetric","covariate_y_3",-1.37980240345459,0.0324650658871482,-1.4434339325934,-1.31617087431578,-0.05,-1.32980240345459,2659.60480690919,FALSE,0.2,0.2
"Dasymetric","covariate_y_4",0.597266036417309,0.0219781178644226,0.554188925403041,0.640343147431578,0.02,0.577266036417309,2886.33018208655,FALSE,0.2,0.2
"ABRM","covariate_x_1",0.00455326376330715,0.0280692212548449,-0.045910441002148,0.0455107947407227,0.03,-0.0254467362366928,-84.8224541223095,TRUE,0.2,0.6
"ABRM","covariate_x_2",-0.00088759459006462,0.0584734708537202,-0.106943261722482,0.109374684845877,-0.01,0.00911240540993538,-91.1240540993538,TRUE,0.2,0.6
"ABRM","covariate_x_3",0.0872592794276803,0.155941583674398,-0.117212792703999,0.334888465081044,0.06,0.0272592794276803,45.4321323794671,TRUE,0.2,0.6
"ABRM","covariate_y_1",0.0100231324475454,0.0760613617142145,-0.157853083896767,0.130909928783665,0.04,-0.0299768675524546,-74.9421688811366,TRUE,0.2,0.6
"ABRM","covariate_y_2",-0.0232031612122262,0.0925233382184933,-0.124829517004882,0.188394624418087,0.01,-0.0332031612122262,-332.031612122262,TRUE,0.2,0.6
"ABRM","covariate_y_3",-0.0658392462040609,0.055495081427627,-0.181734084086323,0.0258654909391287,-0.05,-0.0158392462040609,31.6784924081217,TRUE,0.2,0.6
"ABRM","covariate_y_4",0.168223060559389,0.0662438474470231,0.0551916477022978,0.30075067440508,0.02,0.148223060559389,741.115302796943,FALSE,0.2,0.6
"Dasymetric","covariate_x_1",1.07163508601909,0.0231274336706006,1.02630531602471,1.11696485601346,0.03,1.04163508601909,3472.11695339695,FALSE,0.2,0.6
"Dasymetric","covariate_x_2",-1.38525913484877,0.0432797947931866,-1.47008753264342,-1.30043073705413,-0.01,-1.37525913484877,13752.5913484877,FALSE,0.2,0.6
"Dasymetric","covariate_x_3",0.240723274430215,0.0506133353269126,0.141521137189467,0.339925411670964,0.06,0.180723274430215,301.205457383692,FALSE,0.2,0.6
"Dasymetric","covariate_y_1",0.191418143186639,0.0525607466002195,0.0883990798502086,0.294437206523069,0.04,0.151418143186639,378.545357966597,FALSE,0.2,0.6
"Dasymetric","covariate_y_2",-0.477888829225092,0.0361763781565473,-0.548794530411925,-0.406983128038259,0.01,-0.487888829225092,-4878.88829225092,FALSE,0.2,0.6
"Dasymetric","covariate_y_3",-1.25543611211876,0.0433090916900715,-1.3403219318313,-1.17055029240622,-0.05,-1.20543611211876,2410.87222423751,FALSE,0.2,0.6
"Dasymetric","covariate_y_4",1.04594802853633,0.0362626544252509,0.974873225862839,1.11702283120982,0.02,1.02594802853633,5129.74014268165,FALSE,0.2,0.6
"ABRM","covariate_x_1",-0.092929107445758,0.0329151021280532,-0.160951884789834,-0.0300868831094817,0.03,-0.122929107445758,-409.76369148586,FALSE,0.2,0.6
"ABRM","covariate_x_2",-0.0303820674082136,0.0572055035606673,-0.136235243421126,0.0829347364715614,-0.01,-0.0203820674082136,203.820674082136,TRUE,0.2,0.6
"ABRM","covariate_x_3",0.160549028409285,0.0418260488302438,0.0984898697591508,0.241939285928809,0.06,0.100549028409285,167.581714015475,FALSE,0.2,0.6
"ABRM","covariate_y_1",-0.0578793477268758,0.0224927724744723,-0.103679974083434,-0.0157562863893607,0.04,-0.0978793477268758,-244.69836931719,FALSE,0.2,0.6
"ABRM","covariate_y_2",0.0348716280243445,0.021528958214029,-0.00860036069783289,0.0742471393352332,0.01,0.0248716280243445,248.716280243445,TRUE,0.2,0.6
"ABRM","covariate_y_3",-0.0506274219274384,0.077108772864307,-0.217231402510012,0.0831780836962645,-0.05,-0.000627421927438358,1.25484385487672,TRUE,0.2,0.6
"ABRM","covariate_y_4",0.0781945196803702,0.0205655475659742,0.0337494869386874,0.11264063430269,0.02,0.0581945196803702,290.972598401851,FALSE,0.2,0.6
"Dasymetric","covariate_x_1",-0.0549757563721576,0.0252304884976038,-0.104427513827461,-0.00552399891685419,0.03,-0.0849757563721576,-283.252521240525,FALSE,0.2,0.6
"Dasymetric","covariate_x_2",-0.512912454019996,0.0234733993645689,-0.558920316774551,-0.466904591265441,-0.01,-0.502912454019996,5029.12454019996,FALSE,0.2,0.6
"Dasymetric","covariate_x_3",-0.295937174197787,0.0195250636995136,-0.334206299048834,-0.257668049346741,0.06,-0.355937174197787,-593.228623662979,FALSE,0.2,0.6
"Dasymetric","covariate_y_1",1.65965750144805,0.0522212423408059,1.55730386646007,1.76201113643603,0.04,1.61965750144805,4049.14375362013,FALSE,0.2,0.6
"Dasymetric","covariate_y_2",-0.870840772041383,0.0366967567807984,-0.942766415331747,-0.798915128751018,0.01,-0.880840772041383,-8808.40772041382,FALSE,0.2,0.6
"Dasymetric","covariate_y_3",-1.29044739494196,0.0378244695830226,-1.36458335532468,-1.21631143455924,-0.05,-1.24044739494196,2480.89478988392,FALSE,0.2,0.6
"Dasymetric","covariate_y_4",0.0820126004597696,0.0294614508722192,0.02426815675022,0.139757044169319,0.02,0.0620126004597696,310.063002298848,FALSE,0.2,0.6
"ABRM","covariate_x_1",0.0678815328593476,0.048225985460363,-0.03363495126563,0.164533140300605,0.03,0.0378815328593476,126.271776197825,TRUE,0.2,0.6
"ABRM","covariate_x_2",-0.0405156677843623,0.0459190649191944,-0.120548047063459,0.0614573694079883,-0.01,-0.0305156677843623,305.156677843623,TRUE,0.2,0.6
"ABRM","covariate_x_3",-0.0245634917445477,0.0296266405376126,-0.0784037866400844,0.0353585182816229,0.06,-0.0845634917445477,-140.939152907579,FALSE,0.2,0.6
"ABRM","covariate_y_1",0.0482315605184757,0.0261446944893052,-0.010471424625296,0.100314462003686,0.04,0.00823156051847571,20.5789012961893,TRUE,0.2,0.6
"ABRM","covariate_y_2",-0.000417959131233479,0.0207376704210646,-0.0512891328455752,0.0430316403061041,0.01,-0.0104179591312335,-104.179591312335,TRUE,0.2,0.6
"ABRM","covariate_y_3",-0.0763292956373576,0.0867400690074623,-0.23742611744906,0.0738373122769971,-0.05,-0.0263292956373576,52.6585912747152,TRUE,0.2,0.6
"ABRM","covariate_y_4",0.0482362679597593,0.0527971003115656,-0.0514181209956789,0.15649877841714,0.02,0.0282362679597593,141.181339798797,TRUE,0.2,0.6
"Dasymetric","covariate_x_1",0.670551502242079,0.018908050930074,0.633491722419134,0.707611282065024,0.03,0.640551502242079,2135.17167414026,FALSE,0.2,0.6
"Dasymetric","covariate_x_2",-0.3031757676018,0.014928493500126,-0.332435614862048,-0.273915920341553,-0.01,-0.2931757676018,2931.757676018,FALSE,0.2,0.6
"Dasymetric","covariate_x_3",0.835994472419992,0.0152903815268368,0.806025324627392,0.865963620212593,0.06,0.775994472419992,1293.32412069999,FALSE,0.2,0.6
"Dasymetric","covariate_y_1",0.987191260255121,0.0195710395915289,0.948832022655725,1.02555049785452,0.04,0.947191260255121,2367.9781506378,FALSE,0.2,0.6
"Dasymetric","covariate_y_2",0.358703253066152,0.0134559073486256,0.332329674662845,0.385076831469458,0.01,0.348703253066152,3487.03253066152,FALSE,0.2,0.6
"Dasymetric","covariate_y_3",-0.111845565044433,0.0137110617909304,-0.138719246154656,-0.084971883934209,-0.05,-0.0618455650444326,123.691130088865,FALSE,0.2,0.6
"Dasymetric","covariate_y_4",-0.451163591548939,0.0201899900027735,-0.490735971954375,-0.411591211143503,0.02,-0.471163591548939,-2355.8179577447,FALSE,0.2,0.6
"ABRM","covariate_x_1",0.0415580976163488,0.032151369065641,-0.0184566459276584,0.0873688545333217,0.03,0.0115580976163488,38.526992054496,TRUE,0.2,0.6
"ABRM","covariate_x_2",-0.139902522333237,0.109847967891692,-0.369900459625091,0.066927879778438,-0.01,-0.129902522333237,1299.02522333237,TRUE,0.2,0.6
"ABRM","covariate_x_3",0.0252032255481333,0.0351754920541965,-0.0305085980020589,0.0757525143557823,0.06,-0.0347967744518667,-57.9946240864446,TRUE,0.2,0.6
"ABRM","covariate_y_1",-0.0325293329844241,0.022001657601263,-0.0663478570673876,0.0270571643299024,0.04,-0.0725293329844241,-181.32333246106,FALSE,0.2,0.6
"ABRM","covariate_y_2",0.0587787188897251,0.0135501878026627,0.0334383535707493,0.0802812868895023,0.01,0.0487787188897251,487.787188897251,FALSE,0.2,0.6
"ABRM","covariate_y_3",0.0342887520747603,0.0489416039856826,-0.0697125793639017,0.112347382136686,-0.05,0.0842887520747603,-168.577504149521,TRUE,0.2,0.6
"ABRM","covariate_y_4",0.00404046371468619,0.0328804772881791,-0.0413658965168128,0.0750790288632706,0.02,-0.0159595362853138,-79.7976814265691,TRUE,0.2,0.6
"Dasymetric","covariate_x_1",0.221248299407403,0.0161842062881511,0.189527255082627,0.252969343732179,0.03,0.191248299407403,637.494331358009,FALSE,0.2,0.6
"Dasymetric","covariate_x_2",-0.555412649316419,0.0183802912481303,-0.591438020162755,-0.519387278470084,-0.01,-0.545412649316419,5454.12649316419,FALSE,0.2,0.6
"Dasymetric","covariate_x_3",0.721299359538596,0.0213068429404152,0.679537947375382,0.76306077170181,0.06,0.661299359538596,1102.16559923099,FALSE,0.2,0.6
"Dasymetric","covariate_y_1",1.05780305056411,0.025093720524832,1.00861935833544,1.10698674279279,0.04,1.01780305056411,2544.50762641029,FALSE,0.2,0.6
"Dasymetric","covariate_y_2",-0.355526358550115,0.0218697892097447,-0.398391145401215,-0.312661571699016,0.01,-0.365526358550115,-3655.26358550115,FALSE,0.2,0.6
"Dasymetric","covariate_y_3",-0.562483359251293,0.0214834404461554,-0.604590902525758,-0.520375815976829,-0.05,-0.512483359251293,1024.96671850259,FALSE,0.2,0.6
"Dasymetric","covariate_y_4",0.349525464259226,0.0197372020648289,0.310840548212162,0.388210380306291,0.02,0.329525464259226,1647.62732129613,FALSE,0.2,0.6
"ABRM","covariate_x_1",-0.00183215775828483,0.00604359491167291,-0.0126170328413309,0.00911784869020421,0.03,-0.0318321577582848,-106.107192527616,FALSE,0.2,0.6
"ABRM","covariate_x_2",0.158010749037477,0.0387931319795218,0.105599930307066,0.233697192266443,-0.01,0.168010749037477,-1680.10749037477,FALSE,0.2,0.6
"ABRM","covariate_x_3",0.0206651537427768,0.00547682042411128,0.0104456312852116,0.034148255365555,0.06,-0.0393348462572232,-65.5580770953719,FALSE,0.2,0.6
"ABRM","covariate_y_1",0.0437565534830488,0.0245731598039682,0.00732402330857793,0.109348480397524,0.04,0.0037565534830488,9.39138370762199,TRUE,0.2,0.6
"ABRM","covariate_y_2",0.0359077580553995,0.0113301792150253,0.0129981377155156,0.0569297564184119,0.01,0.0259077580553995,259.077580553995,FALSE,0.2,0.6
"ABRM","covariate_y_3",0.0172715627810028,0.0371301128346515,-0.0683787778347282,0.0718243707336382,-0.05,0.0672715627810028,-134.543125562006,TRUE,0.2,0.6
"ABRM","covariate_y_4",0.027913641491369,0.0168272755436822,-0.00459270809471289,0.0621155219628635,0.02,0.00791364149136902,39.5682074568451,TRUE,0.2,0.6
"Dasymetric","covariate_x_1",0.3993721044086,0.00573312831526841,0.388135172910674,0.410609035906527,0.03,0.3693721044086,1231.24034802867,FALSE,0.2,0.6
"Dasymetric","covariate_x_2",-0.0657032929123527,0.00615197096277122,-0.0777611559993843,-0.0536454298253211,-0.01,-0.0557032929123527,557.032929123527,FALSE,0.2,0.6
"Dasymetric","covariate_x_3",0.685916855937838,0.00815790660901777,0.669927358984163,0.701906352891513,0.06,0.625916855937838,1043.1947598964,FALSE,0.2,0.6
"Dasymetric","covariate_y_1",0.314057379302728,0.00744803458525448,0.299459231515629,0.328655527089827,0.04,0.274057379302728,685.14344825682,FALSE,0.2,0.6
"Dasymetric","covariate_y_2",-0.100082040997699,0.00884992480546467,-0.11742789361641,-0.0827361883789881,0.01,-0.110082040997699,-1100.82040997699,FALSE,0.2,0.6
"Dasymetric","covariate_y_3",-0.723995012553059,0.00941585889641014,-0.742450095990022,-0.705539929116095,-0.05,-0.673995012553058,1347.99002510612,FALSE,0.2,0.6
"Dasymetric","covariate_y_4",0.0964930664886651,0.00602077137429362,0.0846923545950496,0.108293778382281,0.02,0.0764930664886651,382.465332443326,FALSE,0.2,0.6
"ABRM","covariate_x_1",-0.0134129439072183,0.0390192918628029,-0.0771126620499834,0.0511309706699429,0.03,-0.0434129439072183,-144.709813024061,TRUE,0.2,0.6
"ABRM","covariate_x_2",-0.00711357684729443,0.039326778980439,-0.083248850037719,0.0529879124341737,-0.01,0.00288642315270557,-28.8642315270557,TRUE,0.2,0.6
"ABRM","covariate_x_3",0.0584822159150132,0.0220238217396512,0.0207687476734623,0.110536903570234,0.06,-0.00151778408498682,-2.52964014164471,TRUE,0.2,0.6
"ABRM","covariate_y_1",0.06956038729534,0.0439494689971543,-0.00755029860962069,0.14301160950788,0.04,0.02956038729534,73.9009682383501,TRUE,0.2,0.6
"ABRM","covariate_y_2",-0.0367470612896911,0.0323005463244942,-0.0900848711342939,0.0194679796887286,0.01,-0.0467470612896911,-467.470612896911,TRUE,0.2,0.6
"ABRM","covariate_y_3",0.0152315966226,0.0259737293469532,-0.0295598530471525,0.0656238357383938,-0.05,0.0652315966226,-130.4631932452,FALSE,0.2,0.6
"ABRM","covariate_y_4",0.0550150777533514,0.0699954037053177,-0.0684791715933619,0.199089124879589,0.02,0.0350150777533514,175.075388766757,TRUE,0.2,0.6
"Dasymetric","covariate_x_1",0.946551741393166,0.0138932370182839,0.919320996837329,0.973782485949003,0.03,0.916551741393166,3055.17247131055,FALSE,0.2,0.6
"Dasymetric","covariate_x_2",0.0149080505962952,0.0156516258045406,-0.0157691359806044,0.0455852371731948,-0.01,0.0249080505962952,-249.080505962952,TRUE,0.2,0.6
"Dasymetric","covariate_x_3",1.09845583482084,0.0162874369411274,1.06653245841623,1.13037921122545,0.06,1.03845583482084,1730.75972470139,FALSE,0.2,0.6
"Dasymetric","covariate_y_1",1.21688118916209,0.018708087323659,1.18021333800772,1.25354904031646,0.04,1.17688118916209,2942.20297290523,FALSE,0.2,0.6
"Dasymetric","covariate_y_2",0.168719673912028,0.028755328382133,0.112359230283047,0.225080117541008,0.01,0.158719673912028,1587.19673912028,FALSE,0.2,0.6
"Dasymetric","covariate_y_3",-2.08795192248224,0.0387309053937622,-2.16386449705401,-2.01203934791046,-0.05,-2.03795192248224,4075.90384496447,FALSE,0.2,0.6
"Dasymetric","covariate_y_4",0.409698606267658,0.011291217859754,0.38756781926254,0.431829393272776,0.02,0.389698606267658,1948.49303133829,FALSE,0.2,0.6
"ABRM","covariate_x_1",0.0533473598497698,0.0153921849053494,0.0253609748085295,0.0896714905498693,0.03,0.0233473598497698,77.824532832566,TRUE,0.2,0.6
"ABRM","covariate_x_2",-0.0164290221346628,0.0406997907304988,-0.0960784443130922,0.0634544946630474,-0.01,-0.0064290221346628,64.290221346628,TRUE,0.2,0.6
"ABRM","covariate_x_3",-0.0442912356585817,0.0507909034282334,-0.146580896876997,0.0416960044914263,0.06,-0.104291235658582,-173.818726097636,FALSE,0.2,0.6
"ABRM","covariate_y_1",0.174650068311607,0.128470706260956,-0.0351163218062528,0.413249351049592,0.04,0.134650068311607,336.625170779018,TRUE,0.2,0.6
"ABRM","covariate_y_2",-0.00152974703836896,0.0417874623950142,-0.0730055228665633,0.0787526006894656,0.01,-0.011529747038369,-115.29747038369,TRUE,0.2,0.6
"ABRM","covariate_y_3",-0.0163932279364041,0.0784928080256925,-0.173889537316958,0.117924828495891,-0.05,0.0336067720635959,-67.2135441271918,TRUE,0.2,0.6
"ABRM","covariate_y_4",0.0395155624296962,0.0693972189961259,-0.0717393162393845,0.169262537726849,0.02,0.0195155624296962,97.5778121484811,TRUE,0.2,0.6
"Dasymetric","covariate_x_1",1.14265650524069,0.0345449490946314,1.07494840501522,1.21036460546617,0.03,1.11265650524069,3708.85501746898,FALSE,0.2,0.6
"Dasymetric","covariate_x_2",-0.317218920126168,0.0290120758645932,-0.374082588820771,-0.260355251431566,-0.01,-0.307218920126168,3072.18920126168,FALSE,0.2,0.6
"Dasymetric","covariate_x_3",0.415857952634896,0.0213201235414033,0.374070510493746,0.457645394776047,0.06,0.355857952634896,593.096587724827,FALSE,0.2,0.6
"Dasymetric","covariate_y_1",1.14906957535019,0.0349465589702274,1.08057431976854,1.21756483093183,0.04,1.10906957535019,2772.67393837547,FALSE,0.2,0.6
"Dasymetric","covariate_y_2",-0.330094944023389,0.0429371992805302,-0.414251854613228,-0.24593803343355,0.01,-0.340094944023389,-3400.94944023389,FALSE,0.2,0.6
"Dasymetric","covariate_y_3",0.043556042164579,0.0410810775349402,-0.0369628698039037,0.124074954133062,-0.05,0.0935560421645791,-187.112084329158,FALSE,0.2,0.6
"Dasymetric","covariate_y_4",-0.481162796691189,0.0292298124338899,-0.538453229061613,-0.423872364320764,0.02,-0.501162796691189,-2505.81398345594,FALSE,0.2,0.6
"ABRM","covariate_x_1",-0.0533888455992915,0.0312676192138122,-0.109707861876226,0.0153566526154846,0.03,-0.0833888455992915,-277.962818664305,FALSE,0.2,0.6
"ABRM","covariate_x_2",-0.0909844945043844,0.0564797288318288,-0.203187523192559,0.0212585599063799,-0.01,-0.0809844945043844,809.844945043844,TRUE,0.2,0.6
"ABRM","covariate_x_3",0.00729735128438425,0.0212164249821707,-0.0342298574928738,0.0506027999261306,0.06,-0.0527026487156157,-87.8377478593596,FALSE,0.2,0.6
"ABRM","covariate_y_1",0.0293665674981699,0.0369981461829379,-0.042532883186523,0.109090739126011,0.04,-0.0106334325018301,-26.5835812545751,TRUE,0.2,0.6
"ABRM","covariate_y_2",-0.00131822046163854,0.0302135458366046,-0.0683490493877371,0.0521120605628565,0.01,-0.0113182204616385,-113.182204616385,TRUE,0.2,0.6
"ABRM","covariate_y_3",-0.041950302497814,0.0210233829637693,-0.0820043554076226,0.000993407127371023,-0.05,0.00804969750218601,-16.099395004372,TRUE,0.2,0.6
"ABRM","covariate_y_4",0.00645421526283246,0.0291460777172621,-0.0504628611409627,0.0633409681127677,0.02,-0.0135457847371675,-67.7289236858377,TRUE,0.2,0.6
"Dasymetric","covariate_x_1",0.348693883211413,0.0853005237419595,0.181504856677172,0.515882909745653,0.03,0.318693883211413,1062.31294403804,FALSE,0.2,0.6
"Dasymetric","covariate_x_2",0.358324660000425,0.0674121138723334,0.226196916810652,0.490452403190199,-0.01,0.368324660000425,-3683.24660000425,FALSE,0.2,0.6
"Dasymetric","covariate_x_3",0.414118812965469,0.0614069902107798,0.293761112152341,0.534476513778598,0.06,0.354118812965469,590.198021609116,FALSE,0.2,0.6
"Dasymetric","covariate_y_1",0.695346641223574,0.0931206807509426,0.512830106951726,0.877863175495421,0.04,0.655346641223574,1638.36660305893,FALSE,0.2,0.6
"Dasymetric","covariate_y_2",-0.554543213029524,0.198002566112031,-0.942628242609105,-0.166458183449942,0.01,-0.564543213029524,-5645.43213029524,FALSE,0.2,0.6
"Dasymetric","covariate_y_3",-0.664904238465632,0.133404314408142,-0.92637669470559,-0.403431782225674,-0.05,-0.614904238465632,1229.80847693126,FALSE,0.2,0.6
"Dasymetric","covariate_y_4",0.344217175974745,0.117357046057582,0.114197365701884,0.574236986247605,0.02,0.324217175974745,1621.08587987372,FALSE,0.2,0.6
"ABRM","covariate_x_1",0.0320857031680951,0.0595981665562055,-0.0796371910306505,0.12989646230676,0.03,0.00208570316809508,6.95234389365027,TRUE,0.2,0.6
"ABRM","covariate_x_2",0.00415264766606905,0.0646465207332398,-0.12067949302854,0.124881117887453,-0.01,0.0141526476660691,-141.526476660691,TRUE,0.2,0.6
"ABRM","covariate_x_3",-0.0611326337119078,0.0362305291592935,-0.143949834764161,0.00205683057273614,0.06,-0.121132633711908,-201.88772285318,FALSE,0.2,0.6
"ABRM","covariate_y_1",0.00911802022778925,0.041107579925725,-0.0689955478773149,0.0818820133278953,0.04,-0.0308819797722108,-77.2049494305269,TRUE,0.2,0.6
"ABRM","covariate_y_2",0.0563085636509617,0.0444039113561963,-0.0438376559576557,0.129944293900975,0.01,0.0463085636509617,463.085636509617,TRUE,0.2,0.6
"ABRM","covariate_y_3",-0.0450532463338981,0.0923836814402665,-0.201753711519035,0.151637788781346,-0.05,0.00494675366610189,-9.89350733220377,TRUE,0.2,0.6
"ABRM","covariate_y_4",0.0578171078450569,0.0857537361377247,-0.108414206228157,0.205689293667997,0.02,0.0378171078450569,189.085539225285,TRUE,0.2,0.6
"Dasymetric","covariate_x_1",0.377538297046058,0.0154266452471828,0.34730207236158,0.407774521730536,0.03,0.347538297046058,1158.46099015353,FALSE,0.2,0.6
"Dasymetric","covariate_x_2",-0.00515170529074964,0.0202400374317371,-0.0448221786569543,0.034518768075455,-0.01,0.00484829470925036,-48.4829470925036,TRUE,0.2,0.6
"Dasymetric","covariate_x_3",0.845564619989872,0.0172201993226358,0.811813029317506,0.879316210662239,0.06,0.785564619989872,1309.27436664979,FALSE,0.2,0.6
"Dasymetric","covariate_y_1",0.446795961623473,0.0158586429914178,0.415713021360294,0.477878901886652,0.04,0.406795961623473,1016.98990405868,FALSE,0.2,0.6
"Dasymetric","covariate_y_2",-0.102903452169626,0.0223565178438201,-0.146722227143514,-0.0590846771957389,0.01,-0.112903452169626,-1129.03452169626,FALSE,0.2,0.6
"Dasymetric","covariate_y_3",-0.0331101185440156,0.0269914456845613,-0.0860133520857558,0.0197931149977245,-0.05,0.0168898814559844,-33.7797629119687,TRUE,0.2,0.6
"Dasymetric","covariate_y_4",0.0141545314827468,0.0196815592860962,-0.0244213247180018,0.0527303876834954,0.02,-0.00584546851725319,-29.227342586266,TRUE,0.2,0.6
"ABRM","covariate_x_1",0.18669692738044,0.0251274676524329,0.126119549905443,0.232789648783424,0.03,0.15669692738044,522.323091268135,FALSE,0.2,0.6
"ABRM","covariate_x_2",-0.0803010165934738,0.0176465451273716,-0.102038055451694,-0.0524732628946597,-0.01,-0.0703010165934738,703.010165934738,FALSE,0.2,0.6
"ABRM","covariate_x_3",0.058526486450757,0.0132669993032667,0.0305223159057748,0.0791677636368492,0.06,-0.00147351354924296,-2.45585591540493,TRUE,0.2,0.6
"ABRM","covariate_y_1",0.0388107718262319,0.00362880073941606,0.0332186455309386,0.0456060692858682,0.04,-0.00118922817376807,-2.97307043442017,TRUE,0.2,0.6
"ABRM","covariate_y_2",-0.0131581814173559,0.00544300821522793,-0.0254722700831266,-0.00539250119079951,0.01,-0.0231581814173559,-231.581814173559,FALSE,0.2,0.6
"ABRM","covariate_y_3",0.0646754261729114,0.0323931100714614,0.0110155436717677,0.103088952496963,-0.05,0.114675426172911,-229.350852345823,FALSE,0.2,0.6
"ABRM","covariate_y_4",0.0887664293264213,0.0215737212267111,0.0532738992719379,0.123739832776764,0.02,0.0687664293264213,343.832146632107,FALSE,0.2,0.6
"Dasymetric","covariate_x_1",0.694071507181576,0.0263522378953576,0.642421120906675,0.745721893456477,0.03,0.664071507181576,2213.57169060525,FALSE,0.2,0.6
"Dasymetric","covariate_x_2",-0.579982602732869,0.0161884883601149,-0.611712039918694,-0.548253165547044,-0.01,-0.569982602732869,5699.82602732869,FALSE,0.2,0.6
"Dasymetric","covariate_x_3",0.115393175161662,0.0330196310214616,0.0506746983595977,0.180111651963727,0.06,0.0553931751616624,92.3219586027706,TRUE,0.2,0.6
"Dasymetric","covariate_y_1",2.22347245120042,0.0244668716680992,2.17551738273095,2.2714275196699,0.04,2.18347245120042,5458.68112800105,FALSE,0.2,0.6
"Dasymetric","covariate_y_2",0.191903260395311,0.0337108297867315,0.125830034013317,0.257976486777304,0.01,0.181903260395311,1819.03260395311,FALSE,0.2,0.6
"Dasymetric","covariate_y_3",-0.670157113040171,0.0336403376128088,-0.736092174761276,-0.604222051319065,-0.05,-0.620157113040171,1240.31422608034,FALSE,0.2,0.6
"Dasymetric","covariate_y_4",-0.518425603510007,0.0384850489169794,-0.593856299387287,-0.442994907632728,0.02,-0.538425603510007,-2692.12801755004,FALSE,0.2,0.6
"ABRM","covariate_x_1",0.0167743470823498,0.0475577515563949,-0.0933640985718885,0.115260704937795,0.03,-0.0132256529176502,-44.0855097255006,TRUE,0.6,0.2
"ABRM","covariate_x_2",0.0366528943078584,0.0521656892934558,-0.100492894349249,0.13209758813251,-0.01,0.0466528943078584,-466.528943078584,TRUE,0.6,0.2
"ABRM","covariate_x_3",-0.00391664647238794,0.0366759442746173,-0.0721624110154482,0.0690452402664308,0.06,-0.0639166464723879,-106.527744120647,TRUE,0.6,0.2
"ABRM","covariate_y_1",-0.00199704472669704,0.0460607418958562,-0.0910417845248558,0.0861647848197911,0.04,-0.041997044726697,-104.992611816743,TRUE,0.6,0.2
"ABRM","covariate_y_2",0.00747885019562728,0.0321848951489574,-0.0468870968020055,0.0783194118596904,0.01,-0.00252114980437272,-25.2114980437272,TRUE,0.6,0.2
"ABRM","covariate_y_3",-0.0579034658048812,0.0738432439624584,-0.193833008875947,0.1224555431095,-0.05,-0.00790346580488124,15.8069316097625,TRUE,0.6,0.2
"ABRM","covariate_y_4",0.0149077192617971,0.0574300778195774,-0.0875007957463197,0.121638496845864,0.02,-0.00509228073820285,-25.4614036910143,TRUE,0.6,0.2
"Dasymetric","covariate_x_1",-0.393731161436529,0.0387309097949653,-0.469643744634661,-0.317818578238397,0.03,-0.423731161436529,-1412.43720478843,FALSE,0.6,0.2
"Dasymetric","covariate_x_2",0.463235222733837,0.0447311455509539,0.375562177453967,0.550908268013707,-0.01,0.473235222733837,-4732.35222733837,FALSE,0.6,0.2
"Dasymetric","covariate_x_3",1.20596264526849,0.0453996180519001,1.11697939388677,1.29494589665022,0.06,1.14596264526849,1909.93774211416,FALSE,0.6,0.2
"Dasymetric","covariate_y_1",1.02030152668578,0.0532084058799722,0.916013051161036,1.12459000221053,0.04,0.980301526685782,2450.75381671445,FALSE,0.6,0.2
"Dasymetric","covariate_y_2",0.351298127473714,0.0299525486311256,0.292591132156708,0.41000512279072,0.01,0.341298127473714,3412.98127473714,FALSE,0.6,0.2
"Dasymetric","covariate_y_3",-0.429430039950622,0.0443463584224325,-0.51634890245859,-0.342511177442654,-0.05,-0.379430039950622,758.860079901244,FALSE,0.6,0.2
"Dasymetric","covariate_y_4",0.208304139650624,0.0349530659837008,0.13979613032257,0.276812148978678,0.02,0.188304139650624,941.52069825312,FALSE,0.6,0.2
"ABRM","covariate_x_1",-0.138798929653469,0.075020705604111,-0.279688267468677,0.030005743693998,0.03,-0.168798929653469,-562.663098844897,TRUE,0.6,0.2
"ABRM","covariate_x_2",-0.0201279613660524,0.032791749168978,-0.0781096664295166,0.045749442487399,-0.01,-0.0101279613660524,101.279613660524,TRUE,0.6,0.2
"ABRM","covariate_x_3",0.0348834521898915,0.0450271872959587,-0.0497596285967103,0.151025134474123,0.06,-0.0251165478101085,-41.8609130168474,TRUE,0.6,0.2
"ABRM","covariate_y_1",0.185111423464322,0.0731691500932963,0.0601330924161644,0.322733247807606,0.04,0.145111423464322,362.778558660805,FALSE,0.6,0.2
"ABRM","covariate_y_2",0.212933227395747,0.0487380190999869,0.127619874794146,0.310871113533324,0.01,0.202933227395747,2029.33227395747,FALSE,0.6,0.2
"ABRM","covariate_y_3",-0.17217779624866,0.053894210403602,-0.294161099277665,-0.0834272453214622,-0.05,-0.12217779624866,244.35559249732,FALSE,0.6,0.2
"ABRM","covariate_y_4",0.032554996914451,0.0290263488014473,-0.020252094561318,0.0905514508010977,0.02,0.012554996914451,62.7749845722548,TRUE,0.6,0.2
"Dasymetric","covariate_x_1",0.0917915006985292,0.0398996097078676,0.0135882656711089,0.16999473572595,0.03,0.0617915006985292,205.971668995098,TRUE,0.6,0.2
"Dasymetric","covariate_x_2",0.87915005522632,0.0553758684240131,0.770613353115255,0.987686757337386,-0.01,0.88915005522632,-8891.5005522632,FALSE,0.6,0.2
"Dasymetric","covariate_x_3",-1.57014070768324,0.0477982598094517,-1.66382529690976,-1.47645611845671,0.06,-1.63014070768324,-2716.90117947206,FALSE,0.6,0.2
"Dasymetric","covariate_y_1",0.583514209208503,0.0543522448332053,0.476983809335421,0.690044609081585,0.04,0.543514209208503,1358.78552302126,FALSE,0.6,0.2
"Dasymetric","covariate_y_2",2.27938721641057,0.065333981365948,2.15133261293331,2.40744181988783,0.01,2.26938721641057,22693.8721641057,FALSE,0.6,0.2
"Dasymetric","covariate_y_3",-5.89034036481779,0.110861633615124,-6.10762916670343,-5.67305156293215,-0.05,-5.84034036481779,11680.6807296356,FALSE,0.6,0.2
"Dasymetric","covariate_y_4",1.79063389657197,0.0461124415254563,1.70025351118207,1.88101428196186,0.02,1.77063389657197,8853.16948285984,FALSE,0.6,0.2
"ABRM","covariate_x_1",0.0118934984623637,0.0780044440773061,-0.138050333227665,0.167291699064608,0.03,-0.0181065015376363,-60.3550051254543,TRUE,0.6,0.2
"ABRM","covariate_x_2",0.114039812987413,0.0568139105400519,0.0163566808508569,0.248356845993578,-0.01,0.124039812987413,-1240.39812987413,FALSE,0.6,0.2
"ABRM","covariate_x_3",-0.0193370708472798,0.0279534794035487,-0.0553595646253722,0.0456694735986469,0.06,-0.0793370708472798,-132.228451412133,FALSE,0.6,0.2
"ABRM","covariate_y_1",0.042205980629771,0.0608369303641903,-0.0758165498152031,0.162043877538485,0.04,0.00220598062977097,5.51495157442742,TRUE,0.6,0.2
"ABRM","covariate_y_2",0.0925988072994147,0.0627118229211,-0.0229448981292263,0.211390889657101,0.01,0.0825988072994148,825.988072994148,TRUE,0.6,0.2
"ABRM","covariate_y_3",-0.231952703305844,0.0418840723774232,-0.311049790448803,-0.131781779686657,-0.05,-0.181952703305844,363.905406611688,FALSE,0.6,0.2
"ABRM","covariate_y_4",-0.0848356916260356,0.0363032214265366,-0.135102371704573,0.0166487980943222,0.02,-0.104835691626036,-524.178458130178,FALSE,0.6,0.2
"Dasymetric","covariate_x_1",1.09075149092723,0.095784300287108,0.903014262364499,1.27848871948996,0.03,1.06075149092723,3535.83830309077,FALSE,0.6,0.2
"Dasymetric","covariate_x_2",0.77847927558406,0.0613098095968743,0.658312048774186,0.898646502393933,-0.01,0.78847927558406,-7884.7927558406,FALSE,0.6,0.2
"Dasymetric","covariate_x_3",-0.812791487664103,0.0711538218158926,-0.952252978423253,-0.673329996904954,0.06,-0.872791487664103,-1454.65247944017,FALSE,0.6,0.2
"Dasymetric","covariate_y_1",2.30381544660992,0.0942436380936366,2.11909791594639,2.48853297727345,0.04,2.26381544660992,5659.5386165248,FALSE,0.6,0.2
"Dasymetric","covariate_y_2",0.024708643945463,0.0539307223264074,-0.0809955718142956,0.130412859705222,0.01,0.014708643945463,147.08643945463,TRUE,0.6,0.2
"Dasymetric","covariate_y_3",-3.16544377070757,0.119604856646898,-3.39986928973549,-2.93101825167965,-0.05,-3.11544377070757,6230.88754141514,FALSE,0.6,0.2
"Dasymetric","covariate_y_4",2.04580509876595,0.108484383038875,1.83317570800976,2.25843448952215,0.02,2.02580509876595,10129.0254938298,FALSE,0.6,0.2
"ABRM","covariate_x_1",-0.00481540918585016,0.00963584108191312,-0.0180371731409155,0.0173810202603839,0.03,-0.0348154091858502,-116.051363952834,FALSE,0.6,0.2
"ABRM","covariate_x_2",0.0384202834476672,0.0358038384380711,-0.0284717844150941,0.106743076817711,-0.01,0.0484202834476672,-484.202834476672,TRUE,0.6,0.2
"ABRM","covariate_x_3",0.0128434533354035,0.0136531687649091,-0.00994188317617415,0.0405956146610971,0.06,-0.0471565466645965,-78.5942444409942,FALSE,0.6,0.2
"ABRM","covariate_y_1",0.0191412587076245,0.0338513739925616,-0.0394306635311204,0.0781105296221806,0.04,-0.0208587412923755,-52.1468532309388,TRUE,0.6,0.2
"ABRM","covariate_y_2",-0.0242306624114456,0.0305281136573033,-0.0665488826605928,0.0478052206693636,0.01,-0.0342306624114456,-342.306624114456,TRUE,0.6,0.2
"ABRM","covariate_y_3",0.00911532488478307,0.0373490073943703,-0.0573379940140539,0.0875076352506859,-0.05,0.0591153248847831,-118.230649769566,TRUE,0.6,0.2
"ABRM","covariate_y_4",0.0612814263894753,0.0209901800815315,0.0245577671107687,0.0898789981145729,0.02,0.0412814263894753,206.407131947376,FALSE,0.6,0.2
"Dasymetric","covariate_x_1",0.190606778365569,0.0169317148848555,0.157420617191252,0.223792939539886,0.03,0.160606778365569,535.355927885231,FALSE,0.6,0.2
"Dasymetric","covariate_x_2",1.27038051862283,0.0146165968203038,1.24173198885504,1.29902904839063,-0.01,1.28038051862283,-12803.8051862283,FALSE,0.6,0.2
"Dasymetric","covariate_x_3",2.57070511329806,0.0190559072287629,2.53335553512969,2.60805469146644,0.06,2.51070511329806,4184.50852216344,FALSE,0.6,0.2
"Dasymetric","covariate_y_1",0.276261911437277,0.011570563024916,0.253583607908442,0.298940214966113,0.04,0.236261911437277,590.654778593193,FALSE,0.6,0.2
"Dasymetric","covariate_y_2",-0.567633697959503,0.0124002560023459,-0.591938199724101,-0.543329196194905,0.01,-0.577633697959503,-5776.33697959503,FALSE,0.6,0.2
"Dasymetric","covariate_y_3",-1.44550308508798,0.0180035944990129,-1.48079013030605,-1.41021603986992,-0.05,-1.39550308508798,2791.00617017596,FALSE,0.6,0.2
"Dasymetric","covariate_y_4",0.886379213060687,0.00845551800533101,0.869806397770238,0.902952028351136,0.02,0.866379213060687,4331.89606530344,FALSE,0.6,0.2
"ABRM","covariate_x_1",-0.108655140612695,0.0697525173731729,-0.241727148612177,0.00747399321375207,0.03,-0.138655140612695,-462.183802042317,FALSE,0.6,0.2
"ABRM","covariate_x_2",-0.0628946008353695,0.0758235737701051,-0.217254793277437,0.106092689848776,-0.01,-0.0528946008353695,528.946008353695,TRUE,0.6,0.2
"ABRM","covariate_x_3",0.0609409687237758,0.0270807647406772,0.00186946021876626,0.111055794650577,0.06,0.000940968723775831,1.56828120629305,TRUE,0.6,0.2
"ABRM","covariate_y_1",-0.0448703312864655,0.0284839163217314,-0.107823536119937,-0.000249994720247405,0.04,-0.0848703312864655,-212.175828216164,FALSE,0.6,0.2
"ABRM","covariate_y_2",-0.055754141788934,0.0679154236558118,-0.150044726227432,0.096728030117034,0.01,-0.065754141788934,-657.54141788934,TRUE,0.6,0.2
"ABRM","covariate_y_3",0.00137269261701623,0.0315218757743782,-0.0567836759818644,0.0592985109595728,-0.05,0.0513726926170162,-102.745385234032,TRUE,0.6,0.2
"ABRM","covariate_y_4",0.0390165252656604,0.0195332953695304,0.00266577398618803,0.0781042896989105,0.02,0.0190165252656604,95.082626328302,TRUE,0.6,0.2
"Dasymetric","covariate_x_1",-0.21979284387169,0.0173629946733847,-0.253824313431524,-0.185761374311856,0.03,-0.24979284387169,-832.642812905634,FALSE,0.6,0.2
"Dasymetric","covariate_x_2",-0.561001621817254,0.0220172128591277,-0.604155359021144,-0.517847884613364,-0.01,-0.551001621817254,5510.01621817254,FALSE,0.6,0.2
"Dasymetric","covariate_x_3",1.27858993665419,0.022724078740857,1.23405074232211,1.32312913098627,0.06,1.21858993665419,2030.98322775698,FALSE,0.6,0.2
"Dasymetric","covariate_y_1",0.234328312967267,0.0162371786325204,0.202503442847528,0.266153183087007,0.04,0.194328312967267,485.820782418169,FALSE,0.6,0.2
"Dasymetric","covariate_y_2",-0.159085194400894,0.020527508706626,-0.199319111465881,-0.118851277335907,0.01,-0.169085194400894,-1690.85194400894,FALSE,0.6,0.2
"Dasymetric","covariate_y_3",-0.584672938685624,0.0191915647228937,-0.622288405542496,-0.547057471828753,-0.05,-0.534672938685624,1069.34587737125,FALSE,0.6,0.2
"Dasymetric","covariate_y_4",0.202014741347056,0.0146348778600975,0.173330380741265,0.230699101952847,0.02,0.182014741347056,910.07370673528,FALSE,0.6,0.2
"ABRM","covariate_x_1",0.046994986758602,0.0354086400848456,-0.024510754194055,0.143941688526615,0.03,0.016994986758602,56.6499558620067,TRUE,0.6,0.2
"ABRM","covariate_x_2",-0.0114982934431499,0.018022141521968,-0.045515902824194,0.0273562019445439,-0.01,-0.00149829344314986,14.9829344314986,TRUE,0.6,0.2
"ABRM","covariate_x_3",-0.117642737413338,0.0720563239120352,-0.251553721435221,0.0341869398791245,0.06,-0.177642737413338,-296.071229022229,FALSE,0.6,0.2
"ABRM","covariate_y_1",-0.0382713927284869,0.0605912399976546,-0.162311720338196,0.0813167514688058,0.04,-0.0782713927284869,-195.678481821217,TRUE,0.6,0.2
"ABRM","covariate_y_2",-0.0197626562340693,0.0198184452763693,-0.0618845559465779,0.0189476583372731,0.01,-0.0297626562340693,-297.626562340693,TRUE,0.6,0.2
"ABRM","covariate_y_3",-0.00105998751380122,0.0290471903566192,-0.0653528529644909,0.0554463024476242,-0.05,0.0489400124861988,-97.8800249723976,TRUE,0.6,0.2
"ABRM","covariate_y_4",0.0370715960715012,0.0500781734273422,-0.0405092277043968,0.16273175581133,0.02,0.0170715960715012,85.3579803575059,TRUE,0.6,0.2
"Dasymetric","covariate_x_1",0.69215962723927,0.0310259411668045,0.631348782552334,0.752970471926207,0.03,0.66215962723927,2207.19875746423,FALSE,0.6,0.2
"Dasymetric","covariate_x_2",-0.788545018578937,0.031061171649503,-0.849424915011963,-0.727665122145911,-0.01,-0.778545018578937,7785.45018578937,FALSE,0.6,0.2
"Dasymetric","covariate_x_3",0.319363402010634,0.0362256927715247,0.248361044178446,0.390365759842823,0.06,0.259363402010634,432.27233668439,FALSE,0.6,0.2
"Dasymetric","covariate_y_1",-0.835197380174903,0.034246744565677,-0.90232099952363,-0.768073760826176,0.04,-0.875197380174903,-2187.99345043726,FALSE,0.6,0.2
"Dasymetric","covariate_y_2",0.771194909802236,0.0284395596547181,0.715453372878988,0.826936446725484,0.01,0.761194909802236,7611.94909802236,FALSE,0.6,0.2
"Dasymetric","covariate_y_3",-0.958018159883812,0.0387754536440187,-1.03401804902609,-0.882018270741535,-0.05,-0.908018159883812,1816.03631976762,FALSE,0.6,0.2
"Dasymetric","covariate_y_4",0.459731023473533,0.0288031010438645,0.403276945427559,0.516185101519508,0.02,0.439731023473533,2198.65511736767,FALSE,0.6,0.2
"ABRM","covariate_x_1",0.0540739255680684,0.0376023456729178,-0.0260262380111429,0.120544847472341,0.03,0.0240739255680684,80.2464185602279,TRUE,0.6,0.2
"ABRM","covariate_x_2",0.0841510711696475,0.0741555716916586,-0.0730080669939705,0.203182220052351,-0.01,0.0941510711696475,-941.510711696475,TRUE,0.6,0.2
"ABRM","covariate_x_3",-0.0452016343234379,0.0207270686212797,-0.0847570563091987,-0.00777593282460412,0.06,-0.105201634323438,-175.33605720573,FALSE,0.6,0.2
"ABRM","covariate_y_1",-0.0638786958019804,0.038068011230375,-0.144391371957008,0.00164298524626943,0.04,-0.10387869580198,-259.696739504951,FALSE,0.6,0.2
"ABRM","covariate_y_2",0.606365316871951,0.324289092313717,0.0493554978501126,1.16766318971216,0.01,0.596365316871951,5963.65316871951,FALSE,0.6,0.2
"ABRM","covariate_y_3",-0.0576624528190609,0.0194350402029953,-0.095223090442359,-0.0245082213794067,-0.05,-0.0076624528190609,15.3249056381218,TRUE,0.6,0.2
"ABRM","covariate_y_4",0.00449072822613587,0.0122122274114706,-0.0152096402050461,0.0313888347260122,0.02,-0.0155092717738641,-77.5463588693207,TRUE,0.6,0.2
"Dasymetric","covariate_x_1",-0.00305300852756262,0.0177151060745924,-0.0377746164337637,0.0316685993786385,0.03,-0.0330530085275626,-110.176695091875,TRUE,0.6,0.2
"Dasymetric","covariate_x_2",-0.347382620105373,0.026627131251307,-0.399571797357935,-0.295193442852811,-0.01,-0.337382620105373,3373.82620105373,FALSE,0.6,0.2
"Dasymetric","covariate_x_3",1.34943933836932,0.0286465684192645,1.29329206426756,1.40558661247108,0.06,1.28943933836932,2149.06556394887,FALSE,0.6,0.2
"Dasymetric","covariate_y_1",-1.40736723146433,0.0227560062909812,-1.45196900379465,-1.362765459134,0.04,-1.44736723146433,-3618.41807866082,FALSE,0.6,0.2
"Dasymetric","covariate_y_2",0.470932978105581,0.0186142776371595,0.434448993936748,0.507416962274414,0.01,0.460932978105581,4609.32978105581,FALSE,0.6,0.2
"Dasymetric","covariate_y_3",-0.307450064885634,0.0343906798922951,-0.374855797474533,-0.240044332296736,-0.05,-0.257450064885634,514.900129771269,FALSE,0.6,0.2
"Dasymetric","covariate_y_4",-0.404434904038761,0.0269414898643599,-0.457240224172906,-0.351629583904615,0.02,-0.424434904038761,-2122.1745201938,FALSE,0.6,0.2
"ABRM","covariate_x_1",-0.00423390835448155,0.0197032989185489,-0.0515633534887004,0.0234156409482313,0.03,-0.0342339083544815,-114.113027848272,FALSE,0.6,0.2
"ABRM","covariate_x_2",0.0242679999444433,0.0408071525537249,-0.037341335807678,0.129133958144061,-0.01,0.0342679999444433,-342.679999444433,TRUE,0.6,0.2
"ABRM","covariate_x_3",0.0187060382278495,0.0409650521317856,-0.0373610748178856,0.104291241206679,0.06,-0.0412939617721505,-68.8232696202509,TRUE,0.6,0.2
"ABRM","covariate_y_1",-0.0442251743118193,0.0504099124121623,-0.138391511616992,0.0549618986139207,0.04,-0.0842251743118193,-210.562935779548,TRUE,0.6,0.2
"ABRM","covariate_y_2",0.0574589697647221,0.0471627918626099,-0.0332843127907603,0.143342044773224,0.01,0.0474589697647221,474.589697647221,TRUE,0.6,0.2
"ABRM","covariate_y_3",-0.076808413998301,0.129770892321841,-0.31087268873185,0.161559877297646,-0.05,-0.026808413998301,53.616827996602,TRUE,0.6,0.2
"ABRM","covariate_y_4",0.21202220268326,0.172849190960459,-0.0734455138354787,0.478114821932914,0.02,0.19202220268326,960.111013416301,TRUE,0.6,0.2
"Dasymetric","covariate_x_1",1.17944794982594,0.0393240659665078,1.10237278053159,1.2565231191203,0.03,1.14944794982594,3831.49316608647,FALSE,0.6,0.2
"Dasymetric","covariate_x_2",-0.137356956110466,0.0246262262153281,-0.185624359492509,-0.0890895527284226,-0.01,-0.127356956110466,1273.56956110466,FALSE,0.6,0.2
"Dasymetric","covariate_x_3",0.104269448335087,0.0188380082961234,0.0673469520746849,0.141191944595488,0.06,0.0442694483350867,73.7824138918111,FALSE,0.6,0.2
"Dasymetric","covariate_y_1",0.851104333386229,0.0364398581602047,0.779682211392228,0.92252645538023,0.04,0.811104333386229,2027.76083346557,FALSE,0.6,0.2
"Dasymetric","covariate_y_2",-0.698281478409398,0.0267434971114187,-0.750698732747779,-0.645864224071017,0.01,-0.708281478409398,-7082.81478409398,FALSE,0.6,0.2
"Dasymetric","covariate_y_3",-0.443045463009966,0.0192912092750551,-0.480856233189074,-0.405234692830858,-0.05,-0.393045463009966,786.090926019932,FALSE,0.6,0.2
"Dasymetric","covariate_y_4",1.71838357009728,0.0293698235954094,1.66081871585028,1.77594842434428,0.02,1.69838357009728,8491.9178504864,FALSE,0.6,0.2
"ABRM","covariate_x_1",0.0400592303045275,0.029710044451337,-0.0108533378289354,0.101701122689474,0.03,0.0100592303045275,33.5307676817583,TRUE,0.6,0.2
"ABRM","covariate_x_2",-0.0603214777504537,0.0455126825079095,-0.128993258723074,0.0359562964980351,-0.01,-0.0503214777504537,503.214777504537,TRUE,0.6,0.2
"ABRM","covariate_x_3",0.0398488208950244,0.0361665409898869,-0.0454866866777388,0.111126292925534,0.06,-0.0201511791049756,-33.5852985082927,TRUE,0.6,0.2
"ABRM","covariate_y_1",0.11602859762893,0.101186033364828,-0.0792952847406797,0.29546712787143,0.04,0.0760285976289296,190.071494072324,TRUE,0.6,0.2
"ABRM","covariate_y_2",-0.0284998019537207,0.0401875294111406,-0.0988906155514042,0.0447593691673472,0.01,-0.0384998019537207,-384.998019537207,TRUE,0.6,0.2
"ABRM","covariate_y_3",0.105057781635737,0.0654566702414635,-0.0149953889239599,0.228461178989525,-0.05,0.155057781635737,-310.115563271474,FALSE,0.6,0.2
"ABRM","covariate_y_4",0.0109831755711016,0.0089435080619268,-0.00536365065709423,0.0346707480453556,0.02,-0.00901682442889844,-45.0841221444922,TRUE,0.6,0.2
"Dasymetric","covariate_x_1",0.21698261270343,0.0319926522254783,0.154277014341493,0.279688211065368,0.03,0.18698261270343,623.2753756781,FALSE,0.6,0.2
"Dasymetric","covariate_x_2",0.368011719507225,0.0117196673068064,0.345041171585885,0.390982267428566,-0.01,0.378011719507225,-3780.11719507225,FALSE,0.6,0.2
"Dasymetric","covariate_x_3",0.158975937633674,0.0224188169960057,0.115035056321503,0.202916818945845,0.06,0.098975937633674,164.959896056123,FALSE,0.6,0.2
"Dasymetric","covariate_y_1",0.38740390235031,0.0239758561857387,0.340411224226262,0.434396580474357,0.04,0.34740390235031,868.509755875774,FALSE,0.6,0.2
"Dasymetric","covariate_y_2",0.343200246016799,0.0206784725682976,0.302670439782935,0.383730052250662,0.01,0.333200246016799,3332.00246016799,FALSE,0.6,0.2
"Dasymetric","covariate_y_3",-0.41385895901536,0.0231585725567628,-0.459249761226615,-0.368468156804105,-0.05,-0.36385895901536,727.71791803072,FALSE,0.6,0.2
"Dasymetric","covariate_y_4",0.165426682630719,0.0196130047946697,0.126985193233167,0.203868172028272,0.02,0.145426682630719,727.133413153596,FALSE,0.6,0.2
"ABRM","covariate_x_1",0.0504223774221812,0.0242153524295911,0.00448670643037439,0.0863301747718005,0.03,0.0204223774221812,68.0745914072706,TRUE,0.6,0.2
"ABRM","covariate_x_2",-0.0499589373849503,0.0418269416645412,-0.115988515374203,0.0129021595837799,-0.01,-0.0399589373849503,399.589373849503,TRUE,0.6,0.2
"ABRM","covariate_x_3",0.00123724448251128,0.00293627683910535,-0.00562685484114629,0.00751465633727539,0.06,-0.0587627555174887,-97.9379258624812,FALSE,0.6,0.2
"ABRM","covariate_y_1",-0.0247112535284747,0.0123553448309702,-0.043967000787941,0.00523077498546561,0.04,-0.0647112535284747,-161.778133821187,FALSE,0.6,0.2
"ABRM","covariate_y_2",0.00768212434705059,0.0065821930558616,-0.00367193305922911,0.0212447171480005,0.01,-0.00231787565294941,-23.1787565294941,TRUE,0.6,0.2
"ABRM","covariate_y_3",0.000777663079941038,0.00407617810949615,-0.0083235678708086,0.0122308411381988,-0.05,0.050777663079941,-101.555326159882,FALSE,0.6,0.2
"ABRM","covariate_y_4",0.0146819325947902,0.00215421447960558,0.0113458382059432,0.019828011161295,0.02,-0.00531806740520976,-26.5903370260488,FALSE,0.6,0.2
"Dasymetric","covariate_x_1",-0.048704959133689,0.0330285172409224,-0.113440852925897,0.016030934658519,0.03,-0.078704959133689,-262.349863778963,FALSE,0.6,0.2
"Dasymetric","covariate_x_2",-0.202627461765305,0.0277669411821267,-0.257050666482273,-0.148204257048337,-0.01,-0.192627461765305,1926.27461765305,FALSE,0.6,0.2
"Dasymetric","covariate_x_3",2.13413493177717,0.0171681180320282,2.10048542043439,2.16778444311994,0.06,2.07413493177717,3456.89155296194,FALSE,0.6,0.2
"Dasymetric","covariate_y_1",-0.12155163889792,0.0146372652535669,-0.150240678794911,-0.0928625990009289,0.04,-0.16155163889792,-403.8790972448,FALSE,0.6,0.2
"Dasymetric","covariate_y_2",-0.596184441503967,0.013847945752613,-0.623326415179089,-0.569042467828846,0.01,-0.606184441503967,-6061.84441503967,FALSE,0.6,0.2
"Dasymetric","covariate_y_3",0.381897076734935,0.0224924974827869,0.337811781668673,0.425982371801197,-0.05,0.431897076734935,-863.79415346987,FALSE,0.6,0.2
"Dasymetric","covariate_y_4",0.641188033523579,0.0121464475143349,0.617380996395483,0.664995070651676,0.02,0.621188033523579,3105.9401676179,FALSE,0.6,0.2
"ABRM","covariate_x_1",0.0589808974214085,0.0438334980131213,-0.0324604197368306,0.111575688878231,0.03,0.0289808974214085,96.602991404695,TRUE,0.6,0.6
"ABRM","covariate_x_2",0.0130369154446527,0.00707487402641354,0.00141628857113843,0.0263128711801826,-0.01,0.0230369154446527,-230.369154446527,FALSE,0.6,0.6
"ABRM","covariate_x_3",0.0128674846810241,0.00623722479255052,0.00224761723341939,0.0237433322554927,0.06,-0.0471325153189759,-78.5541921982931,FALSE,0.6,0.6
"ABRM","covariate_y_1",0.0211844454989515,0.00566080623151711,0.00903513453931041,0.028036063583615,0.04,-0.0188155545010485,-47.0388862526212,FALSE,0.6,0.6
"ABRM","covariate_y_2",0.0129505530631187,0.00552719415458593,0.00342465136078489,0.023997756223982,0.01,0.00295055306311871,29.5055306311871,TRUE,0.6,0.6
"ABRM","covariate_y_3",0.267974113123663,0.029308844861695,0.215024079344696,0.315477219075287,-0.05,0.317974113123663,-635.948226247325,FALSE,0.6,0.6
"ABRM","covariate_y_4",0.0328805921935621,0.0216291172874096,-0.00897615991371958,0.065080675344025,0.02,0.0128805921935621,64.4029609678104,TRUE,0.6,0.6
"Dasymetric","covariate_x_1",0.13224104223687,0.0125246419095417,0.107692744094169,0.156789340379572,0.03,0.10224104223687,340.803474122901,FALSE,0.6,0.6
"Dasymetric","covariate_x_2",0.431676190727227,0.0170254990637962,0.398306212562186,0.465046168892267,-0.01,0.441676190727227,-4416.76190727227,FALSE,0.6,0.6
"Dasymetric","covariate_x_3",0.602583987485587,0.0167423926068912,0.56976889797608,0.635399076995094,0.06,0.542583987485587,904.306645809312,FALSE,0.6,0.6
"Dasymetric","covariate_y_1",1.31855529764527,0.0147937285031621,1.28955958977907,1.34755100551147,0.04,1.27855529764527,3196.38824411318,FALSE,0.6,0.6
"Dasymetric","covariate_y_2",-0.150775632631297,0.0177284660976793,-0.185523426182748,-0.116027839079845,0.01,-0.160775632631297,-1607.75632631297,FALSE,0.6,0.6
"Dasymetric","covariate_y_3",-0.954693742583442,0.0189486766064248,-0.991833148732035,-0.91755433643485,-0.05,-0.904693742583442,1809.38748516688,FALSE,0.6,0.6
"Dasymetric","covariate_y_4",0.930860719768416,0.0101369588296019,0.910992280462396,0.950729159074435,0.02,0.910860719768416,4554.30359884208,FALSE,0.6,0.6
"ABRM","covariate_x_1",-0.0450165904899127,0.0286364371583508,-0.105431376976786,0.00229448171928451,0.03,-0.0750165904899127,-250.055301633042,FALSE,0.6,0.6
"ABRM","covariate_x_2",-0.00155895158760611,0.0502644004990978,-0.0913933038994382,0.0779107276380839,-0.01,0.00844104841239389,-84.4104841239389,TRUE,0.6,0.6
"ABRM","covariate_x_3",-0.0139437610957881,0.0194176805175823,-0.045687741524179,0.0266105457902358,0.06,-0.0739437610957881,-123.239601826313,FALSE,0.6,0.6
"ABRM","covariate_y_1",0.0871640991660545,0.0726641988710779,-0.0282147420594837,0.213501660511785,0.04,0.0471640991660545,117.910247915136,TRUE,0.6,0.6
"ABRM","covariate_y_2",-0.02404212170562,0.0504437121166047,-0.136206422564133,0.0575002912801118,0.01,-0.03404212170562,-340.4212170562,TRUE,0.6,0.6
"ABRM","covariate_y_3",-0.21633381350792,0.0772998231861947,-0.334651995487547,-0.0607755849163188,-0.05,-0.16633381350792,332.66762701584,FALSE,0.6,0.6
"ABRM","covariate_y_4",0.0677713177737314,0.037688591034617,-0.00234531464242602,0.147423583815979,0.02,0.0477713177737314,238.856588868657,TRUE,0.6,0.6
"Dasymetric","covariate_x_1",0.362432393546705,0.0241388890891821,0.315120170931909,0.409744616161502,0.03,0.332432393546705,1108.10797848902,FALSE,0.6,0.6
"Dasymetric","covariate_x_2",-0.294637126942174,0.0253100387870954,-0.344244802964881,-0.245029450919467,-0.01,-0.284637126942174,2846.37126942174,FALSE,0.6,0.6
"Dasymetric","covariate_x_3",0.0349519973961726,0.0133744712678163,0.00873803371125268,0.0611659610810926,0.06,-0.0250480026038274,-41.7466710063789,TRUE,0.6,0.6
"Dasymetric","covariate_y_1",0.190570034877002,0.0189385160348886,0.15345054344862,0.227689526305384,0.04,0.150570034877002,376.425087192505,FALSE,0.6,0.6
"Dasymetric","covariate_y_2",-0.210899453810782,0.023532250090266,-0.257022663987704,-0.164776243633861,0.01,-0.220899453810782,-2208.99453810782,FALSE,0.6,0.6
"Dasymetric","covariate_y_3",-0.911715221536674,0.0268452486843736,-0.964331908958046,-0.859098534115301,-0.05,-0.861715221536674,1723.43044307335,FALSE,0.6,0.6
"Dasymetric","covariate_y_4",0.213059290057344,0.0143482140455365,0.184936790528092,0.241181789586595,0.02,0.193059290057344,965.296450286719,FALSE,0.6,0.6
"ABRM","covariate_x_1",-0.00892238178129178,0.0317959915572616,-0.0686986251849076,0.0700435961500836,0.03,-0.0389223817812918,-129.741272604306,TRUE,0.6,0.6
"ABRM","covariate_x_2",0.017717787948382,0.0252720415366692,-0.0377223851102221,0.0610535854837663,-0.01,0.027717787948382,-277.17787948382,TRUE,0.6,0.6
"ABRM","covariate_x_3",0.0509193144128672,0.0227463408356286,0.00283522245421349,0.0961610085771147,0.06,-0.0090806855871328,-15.1344759785547,TRUE,0.6,0.6
"ABRM","covariate_y_1",0.0123260679305756,0.0376593771851493,-0.0500605632372366,0.0912754890060917,0.04,-0.0276739320694244,-69.1848301735611,TRUE,0.6,0.6
"ABRM","covariate_y_2",0.0474810628590035,0.0566684104914409,-0.0506064707222446,0.166360658792409,0.01,0.0374810628590035,374.810628590035,TRUE,0.6,0.6
"ABRM","covariate_y_3",-0.0177646114037015,0.0526218850130888,-0.0990907564654315,0.0939903577582226,-0.05,0.0322353885962985,-64.470777192597,TRUE,0.6,0.6
"ABRM","covariate_y_4",0.0116815398994574,0.0686539931252195,-0.103588456914388,0.137146951046817,0.02,-0.00831846010054256,-41.5923005027128,TRUE,0.6,0.6
"Dasymetric","covariate_x_1",0.103716362390978,0.036426026260848,0.0323213509197164,0.17511137386224,0.03,0.0737163623909784,245.721207969928,FALSE,0.6,0.6
"Dasymetric","covariate_x_2",-0.392904629712586,0.053945246983021,-0.498637313799308,-0.287171945625865,-0.01,-0.382904629712586,3829.04629712586,FALSE,0.6,0.6
"Dasymetric","covariate_x_3",1.35280961016358,0.0412712965536423,1.27191786891844,1.43370135140872,0.06,1.29280961016358,2154.68268360597,FALSE,0.6,0.6
"Dasymetric","covariate_y_1",-0.153860190489202,0.0657114251228743,-0.282654583730035,-0.025065797248368,0.04,-0.193860190489202,-484.650476223004,FALSE,0.6,0.6
"Dasymetric","covariate_y_2",0.45365092905558,0.0544384981083701,0.346951472763175,0.560350385347985,0.01,0.44365092905558,4436.5092905558,FALSE,0.6,0.6
"Dasymetric","covariate_y_3",-0.744732987143653,0.0327956990389121,-0.809012557259921,-0.680453417027385,-0.05,-0.694732987143653,1389.46597428731,FALSE,0.6,0.6
"Dasymetric","covariate_y_4",-0.0491283535418518,0.0660536619844717,-0.178593531031416,0.0803368239477127,0.02,-0.0691283535418518,-345.641767709259,TRUE,0.6,0.6
"ABRM","covariate_x_1",-0.0983929290846216,0.103287532551552,-0.265085233050498,0.0928180343392989,0.03,-0.128392929084622,-427.976430282072,TRUE,0.6,0.6
"ABRM","covariate_x_2",0.0374198721663104,0.0457066012331743,-0.0391618411983626,0.129838643946797,-0.01,0.0474198721663104,-474.198721663104,TRUE,0.6,0.6
"ABRM","covariate_x_3",0.089677078437425,0.0355630130509098,0.0167126838113781,0.152960218704171,0.06,0.029677078437425,49.4617973957083,TRUE,0.6,0.6
"ABRM","covariate_y_1",0.000908570808748996,0.0350981723018178,-0.0573379412304809,0.0679926586380915,0.04,-0.039091429191251,-97.7285729781275,TRUE,0.6,0.6
"ABRM","covariate_y_2",0.0706503452288843,0.0484583486733583,-0.0106052411746403,0.160818744497936,0.01,0.0606503452288843,606.503452288843,TRUE,0.6,0.6
"ABRM","covariate_y_3",-0.00662547702221567,0.0312903079068329,-0.0623505779625619,0.0608397814263296,-0.05,0.0433745229777843,-86.7490459555687,TRUE,0.6,0.6
"ABRM","covariate_y_4",0.0128368572323232,0.0628904477523749,-0.121054129766514,0.122700929988675,0.02,-0.00716314276767681,-35.8157138383841,TRUE,0.6,0.6
"Dasymetric","covariate_x_1",-1.38873450762688,0.0594619600766434,-1.5052799493771,-1.27218906587665,0.03,-1.41873450762688,-4729.11502542292,FALSE,0.6,0.6
"Dasymetric","covariate_x_2",3.28000597586974,0.0628418195381905,3.15683600957489,3.40317594216459,-0.01,3.29000597586974,-32900.0597586974,FALSE,0.6,0.6
"Dasymetric","covariate_x_3",-0.544177929972944,0.0400368385029511,-0.622650133438728,-0.465705726507159,0.06,-0.604177929972944,-1006.96321662157,FALSE,0.6,0.6
"Dasymetric","covariate_y_1",-0.205862801820686,0.0469114888839669,-0.297809320033261,-0.113916283608111,0.04,-0.245862801820686,-614.657004551716,FALSE,0.6,0.6
"Dasymetric","covariate_y_2",0.520628065731412,0.0571649197678025,0.408584822986519,0.632671308476305,0.01,0.510628065731412,5106.28065731412,FALSE,0.6,0.6
"Dasymetric","covariate_y_3",-0.781841965029183,0.044403423702627,-0.868872675486332,-0.694811254572034,-0.05,-0.731841965029183,1463.68393005837,FALSE,0.6,0.6
"Dasymetric","covariate_y_4",-0.0874705118698834,0.0513606617826572,-0.188137408963891,0.0131963852241247,0.02,-0.107470511869883,-537.352559349417,FALSE,0.6,0.6
"ABRM","covariate_x_1",-0.0402633385032951,0.0334412353946534,-0.0990036944408254,0.0464777493009174,0.03,-0.0702633385032951,-234.211128344317,TRUE,0.6,0.6
"ABRM","covariate_x_2",-0.00714119322468806,0.0249284451852464,-0.0599431024502135,0.0400180872861711,-0.01,0.00285880677531194,-28.5880677531194,TRUE,0.6,0.6
"ABRM","covariate_x_3",0.0416085435753084,0.0333392259769357,-0.0297555186193544,0.11167034565541,0.06,-0.0183914564246916,-30.6524273744859,TRUE,0.6,0.6
"ABRM","covariate_y_1",0.135643810845721,0.0814585194712137,-0.0118126526407814,0.347798096331171,0.04,0.0956438108457208,239.109527114302,TRUE,0.6,0.6
"ABRM","covariate_y_2",-0.0170495528900831,0.0399728929770249,-0.10225708351046,0.0517446743165829,0.01,-0.0270495528900831,-270.495528900831,TRUE,0.6,0.6
"ABRM","covariate_y_3",-0.0593812085606579,0.0344173384033981,-0.124138367590667,0.0101869607341771,-0.05,-0.00938120856065793,18.7624171213159,TRUE,0.6,0.6
"ABRM","covariate_y_4",0.111079943678186,0.0630808008041511,0.0104666047066812,0.261173566115439,0.02,0.0910799436781855,455.399718390928,TRUE,0.6,0.6
"Dasymetric","covariate_x_1",2.07502970418401,0.0323330101270741,2.01165700433494,2.13840240403307,0.03,2.04502970418401,6816.76568061335,FALSE,0.6,0.6
"Dasymetric","covariate_x_2",-1.01927023499045,0.0354525597913848,-1.08875725218156,-0.949783217799333,-0.01,-1.00927023499045,10092.7023499045,FALSE,0.6,0.6
"Dasymetric","covariate_x_3",2.30085711616245,0.0322177298047263,2.23771036574519,2.36400386657972,0.06,2.24085711616245,3734.76186027076,FALSE,0.6,0.6
"Dasymetric","covariate_y_1",1.38086521358844,0.0618556732329814,1.25962809405179,1.50210233312508,0.04,1.34086521358844,3352.1630339711,FALSE,0.6,0.6
"Dasymetric","covariate_y_2",-1.23873165349702,0.0522945644611997,-1.34122899984098,-1.13623430715307,0.01,-1.24873165349702,-12487.3165349702,FALSE,0.6,0.6
"Dasymetric","covariate_y_3",-2.44268852875214,0.0832522755535616,-2.60586298883712,-2.27951406866716,-0.05,-2.39268852875214,4785.37705750428,FALSE,0.6,0.6
"Dasymetric","covariate_y_4",0.755727594909912,0.0406733540251149,0.676007821020687,0.835447368799138,0.02,0.735727594909912,3678.63797454956,FALSE,0.6,0.6
"ABRM","covariate_x_1",0.0399572089225713,0.106983688395925,-0.174566342933158,0.24127561160004,0.03,0.00995720892257131,33.190696408571,TRUE,0.6,0.6
"ABRM","covariate_x_2",0.0536569504869139,0.062140292695436,-0.0632156918959932,0.171882345194417,-0.01,0.0636569504869139,-636.569504869139,TRUE,0.6,0.6
"ABRM","covariate_x_3",-0.0767196323751112,0.080611373623533,-0.226964491770593,0.10591396551328,0.06,-0.136719632375111,-227.866053958519,TRUE,0.6,0.6
"ABRM","covariate_y_1",0.0790334369280266,0.101608075583349,-0.101986052983724,0.270816680972205,0.04,0.0390334369280266,97.5835923200664,TRUE,0.6,0.6
"ABRM","covariate_y_2",0.0645749946269701,0.0363374514167612,-0.0130148220797084,0.137048959161684,0.01,0.0545749946269701,545.749946269701,TRUE,0.6,0.6
"ABRM","covariate_y_3",-0.120367962791391,0.0527501208876751,-0.227949337967954,-0.0235542377341773,-0.05,-0.0703679627913905,140.735925582781,TRUE,0.6,0.6
"ABRM","covariate_y_4",-0.000486084476570322,0.0448506274197295,-0.0924256816500426,0.096967766052693,0.02,-0.0204860844765703,-102.430422382852,TRUE,0.6,0.6
"Dasymetric","covariate_x_1",0.260706185642403,0.0798541794131982,0.104191993992535,0.417220377292271,0.03,0.230706185642403,769.02061880801,FALSE,0.6,0.6
"Dasymetric","covariate_x_2",0.103598008687775,0.0533374196815368,-0.000943333888037343,0.208139351263587,-0.01,0.113598008687775,-1135.98008687775,FALSE,0.6,0.6
"Dasymetric","covariate_x_3",0.19249473402447,0.0794423635210372,0.0367877015232373,0.348201766525703,0.06,0.13249473402447,220.82455670745,TRUE,0.6,0.6
"Dasymetric","covariate_y_1",0.675264909290003,0.0496013317642995,0.578046299031976,0.77248351954803,0.04,0.635264909290003,1588.16227322501,FALSE,0.6,0.6
"Dasymetric","covariate_y_2",0.138497922120493,0.0469406357560075,0.0464942760387183,0.230501568202268,0.01,0.128497922120493,1284.97922120493,FALSE,0.6,0.6
"Dasymetric","covariate_y_3",-0.647503857337349,0.078927609409057,-0.802201971779101,-0.492805742895598,-0.05,-0.597503857337349,1195.0077146747,FALSE,0.6,0.6
"Dasymetric","covariate_y_4",0.218790165606994,0.0525846083242438,0.115724333291476,0.321855997922512,0.02,0.198790165606994,993.95082803497,FALSE,0.6,0.6
"ABRM","covariate_x_1",0.0415947208585896,0.0556140323761746,-0.0804673245621176,0.14300569544442,0.03,0.0115947208585896,38.6490695286322,TRUE,0.6,0.6
"ABRM","covariate_x_2",-0.0155986146345778,0.0318027277767891,-0.071007345339797,0.0504858275209744,-0.01,-0.00559861463457777,55.9861463457777,TRUE,0.6,0.6
"ABRM","covariate_x_3",-0.00723941150068412,0.0499426667289139,-0.108247790842763,0.0890022073176241,0.06,-0.0672394115006841,-112.065685834474,TRUE,0.6,0.6
"ABRM","covariate_y_1",0.0304080781051117,0.0751876765198391,-0.150656804773475,0.156332321771835,0.04,-0.00959192189488834,-23.9798047372208,TRUE,0.6,0.6
"ABRM","covariate_y_2",0.0285168375717384,0.0501724548496596,-0.0654441560958148,0.123281381988965,0.01,0.0185168375717384,185.168375717384,TRUE,0.6,0.6
"ABRM","covariate_y_3",-0.0770570876695042,0.0315025120264085,-0.149213409602116,-0.0211498173057751,-0.05,-0.0270570876695042,54.1141753390085,TRUE,0.6,0.6
"ABRM","covariate_y_4",0.032426531509182,0.0411118315137949,-0.0589918706527535,0.112115678346128,0.02,0.012426531509182,62.1326575459098,TRUE,0.6,0.6
"Dasymetric","covariate_x_1",1.10546441617511,0.0441882863875466,1.01885537485552,1.1920734574947,0.03,1.07546441617511,3584.88138725037,FALSE,0.6,0.6
"Dasymetric","covariate_x_2",0.206833765555517,0.0333409983173433,0.141485408853525,0.27218212225751,-0.01,0.216833765555517,-2168.33765555517,FALSE,0.6,0.6
"Dasymetric","covariate_x_3",-0.635524588955225,0.0286273804442627,-0.69163425462598,-0.57941492328447,0.06,-0.695524588955225,-1159.20764825871,FALSE,0.6,0.6
"Dasymetric","covariate_y_1",1.2783787336189,0.0456660041588908,1.18887336546748,1.36788410177033,0.04,1.2383787336189,3095.94683404726,FALSE,0.6,0.6
"Dasymetric","covariate_y_2",-0.281703622843981,0.0436330917548992,-0.367224482683583,-0.196182763004378,0.01,-0.291703622843981,-2917.03622843981,FALSE,0.6,0.6
"Dasymetric","covariate_y_3",-1.80755379497378,0.0651587014445814,-1.93526484980516,-1.6798427401424,-0.05,-1.75755379497378,3515.10758994756,FALSE,0.6,0.6
"Dasymetric","covariate_y_4",0.788567759075886,0.0425917835007269,0.705087863414462,0.872047654737311,0.02,0.768567759075886,3842.83879537943,FALSE,0.6,0.6
"ABRM","covariate_x_1",-0.00928534140954075,0.022670645084211,-0.0454197362087819,0.0386926934246223,0.03,-0.0392853414095407,-130.951138031802,TRUE,0.6,0.6
"ABRM","covariate_x_2",-0.0484102371250511,0.0906685872119303,-0.220046367092687,0.088164715785145,-0.01,-0.0384102371250511,384.102371250511,TRUE,0.6,0.6
"ABRM","covariate_x_3",-0.0351340712304166,0.0498256498491397,-0.145306834841068,0.0612902164863548,0.06,-0.0951340712304166,-158.556785384028,TRUE,0.6,0.6
"ABRM","covariate_y_1",-0.0678568639575824,0.0873047842846835,-0.173854524945205,0.112017020655089,0.04,-0.107856863957582,-269.642159893956,TRUE,0.6,0.6
"ABRM","covariate_y_2",-0.0888816468877465,0.125980914227512,-0.273290641999324,0.176884454268157,0.01,-0.0988816468877464,-988.816468877464,TRUE,0.6,0.6
"ABRM","covariate_y_3",0.00867292498001896,0.0211862684654153,-0.0399895448399388,0.0400697991696708,-0.05,0.058672924980019,-117.345849960038,FALSE,0.6,0.6
"ABRM","covariate_y_4",0.113641970631678,0.0428249403393675,0.0324985644743829,0.171758249350956,0.02,0.0936419706316777,468.209853158388,FALSE,0.6,0.6
"Dasymetric","covariate_x_1",-0.0532007540556538,0.0450833971303048,-0.141564212431051,0.0351627043197436,0.03,-0.0832007540556538,-277.335846852179,TRUE,0.6,0.6
"Dasymetric","covariate_x_2",1.34265835699912,0.0398567628366113,1.26453910183936,1.42077761215888,-0.01,1.35265835699912,-13526.5835699912,FALSE,0.6,0.6
"Dasymetric","covariate_x_3",0.041315561901949,0.0479285552802019,-0.0526244064472468,0.135255530251145,0.06,-0.018684438098051,-31.1407301634184,TRUE,0.6,0.6
"Dasymetric","covariate_y_1",1.04183471637659,0.0421094915596002,0.959300112919772,1.12436931983341,0.04,1.00183471637659,2504.58679094147,FALSE,0.6,0.6
"Dasymetric","covariate_y_2",0.0111001672842045,0.0383055817059411,-0.06397877285944,0.086179107427849,0.01,0.00110016728420453,11.0016728420453,TRUE,0.6,0.6
"Dasymetric","covariate_y_3",-1.88057921832066,0.0502193458539189,-1.97900913619434,-1.78214930044698,-0.05,-1.83057921832066,3661.15843664132,FALSE,0.6,0.6
"Dasymetric","covariate_y_4",0.0503510494932893,0.0546888116735953,-0.0568390213869575,0.157541120373536,0.02,0.0303510494932893,151.755247466447,TRUE,0.6,0.6
"ABRM","covariate_x_1",0.0608067443269106,0.0398021951585967,-0.0164762888318415,0.145864837373449,0.03,0.0308067443269106,102.689147756368,TRUE,0.6,0.6
"ABRM","covariate_x_2",-0.0716049170989903,0.0858770203522981,-0.254444443526696,0.0958477801426263,-0.01,-0.0616049170989903,616.049170989903,TRUE,0.6,0.6
"ABRM","covariate_x_3",0.00282389710251017,0.050091845287861,-0.0830981319473977,0.117121024868355,0.06,-0.0571761028974898,-95.2935048291497,TRUE,0.6,0.6
"ABRM","covariate_y_1",0.00766691045906342,0.0857117749102822,-0.224693043683199,0.144994353230625,0.04,-0.0323330895409366,-80.8327238523414,TRUE,0.6,0.6
"ABRM","covariate_y_2",0.0443399072643413,0.0316158124268785,-0.020637128769362,0.108660202999538,0.01,0.0343399072643413,343.399072643413,TRUE,0.6,0.6
"ABRM","covariate_y_3",-0.050624129336674,0.0259767990031158,-0.0965480420774664,0.00874568175916762,-0.05,-0.000624129336673981,1.24825867334796,TRUE,0.6,0.6
"ABRM","covariate_y_4",0.038262556824774,0.0411805097412056,-0.0441107413932359,0.119800033504566,0.02,0.018262556824774,91.3127841238698,TRUE,0.6,0.6
"Dasymetric","covariate_x_1",-0.119579073049248,0.0532605226130319,-0.22396969737079,-0.0151884487277055,0.03,-0.149579073049248,-498.59691016416,FALSE,0.6,0.6
"Dasymetric","covariate_x_2",-1.83385859951112,0.0398291517975062,-1.91192373703423,-1.755793461988,-0.01,-1.82385859951112,18238.5859951112,FALSE,0.6,0.6
"Dasymetric","covariate_x_3",3.2182235574529,0.0597164092083837,3.10117939540447,3.33526771950133,0.06,3.1582235574529,5263.70592908817,FALSE,0.6,0.6
"Dasymetric","covariate_y_1",-0.00314510456534452,0.0500655139709982,-0.101273511948501,0.0949833028178119,0.04,-0.0431451045653445,-107.862761413361,TRUE,0.6,0.6
"Dasymetric","covariate_y_2",0.810386935061234,0.0377004163055012,0.736494119102452,0.884279751020016,0.01,0.800386935061234,8003.86935061234,FALSE,0.6,0.6
"Dasymetric","covariate_y_3",-0.499776193600794,0.0642430341745179,-0.625692540582849,-0.373859846618739,-0.05,-0.449776193600794,899.552387201588,FALSE,0.6,0.6
"Dasymetric","covariate_y_4",-0.329911664626369,0.0395297718323613,-0.407390017417798,-0.252433311834941,0.02,-0.349911664626369,-1749.55832313185,FALSE,0.6,0.6
"ABRM","covariate_x_1",-0.201604980363501,0.119662719676637,-0.405619270872803,-0.0130484285090899,0.03,-0.231604980363501,-772.01660121167,FALSE,0.6,0.6
"ABRM","covariate_x_2",-0.115654182992041,0.0602638278295972,-0.205022540814768,0.0167389022718798,-0.01,-0.105654182992041,1056.54182992041,TRUE,0.6,0.6
"ABRM","covariate_x_3",0.0369715131986192,0.0187453066005753,-0.00545180550450921,0.0734536614902356,0.06,-0.0230284868013808,-38.3808113356346,TRUE,0.6,0.6
"ABRM","covariate_y_1",0.057880085995335,0.104649717542304,-0.135305097404616,0.231312089005666,0.04,0.017880085995335,44.7002149883376,TRUE,0.6,0.6
"ABRM","covariate_y_2",-0.0287213182557263,0.0257930588832728,-0.0731680350667587,0.0161349805071912,0.01,-0.0387213182557263,-387.213182557263,TRUE,0.6,0.6
"ABRM","covariate_y_3",-0.0267516048650887,0.0503085196354099,-0.1439528646146,0.0624461571976067,-0.05,0.0232483951349113,-46.4967902698226,TRUE,0.6,0.6
"ABRM","covariate_y_4",0.0920499434247422,0.0673206214846953,-0.0326071536013482,0.237098336434452,0.02,0.0720499434247422,360.249717123711,TRUE,0.6,0.6
"Dasymetric","covariate_x_1",-0.710996620024175,0.018158390506115,-0.74658706541616,-0.675406174632189,0.03,-0.740996620024175,-2469.98873341392,FALSE,0.6,0.6
"Dasymetric","covariate_x_2",0.33588681753266,0.0150048222487547,0.306477365925101,0.365296269140219,-0.01,0.34588681753266,-3458.8681753266,FALSE,0.6,0.6
"Dasymetric","covariate_x_3",1.86713525029365,0.0252149583223331,1.81771393198188,1.91655656860543,0.06,1.80713525029365,3011.89208382276,FALSE,0.6,0.6
"Dasymetric","covariate_y_1",-0.134987933158807,0.0199966568382536,-0.174181380561784,-0.0957944857558304,0.04,-0.174987933158807,-437.469832897019,FALSE,0.6,0.6
"Dasymetric","covariate_y_2",-0.739831296727682,0.0130276870371398,-0.765365563320476,-0.714297030134888,0.01,-0.749831296727682,-7498.31296727682,FALSE,0.6,0.6
"Dasymetric","covariate_y_3",-0.552458911239786,0.0272102322884258,-0.605790966525101,-0.499126855954471,-0.05,-0.502458911239786,1004.91782247957,FALSE,0.6,0.6
"Dasymetric","covariate_y_4",0.405381858780389,0.027702587224477,0.351084787820414,0.459678929740364,0.02,0.385381858780389,1926.90929390194,FALSE,0.6,0.6
